1,Абакан,,1,3,4,3,9,Республика Хакасия
2,Анадырь,,1,4,5,4,11,Чукотский автономный округ
3,Архангельск,,1,2,3,2,8,Архангельская область
4,Астрахань,,1,1,2,1,7,Астраханская область
5,Барнаул,,1,1,2,1,7,Алтайский край
6,Белгород,,1,1,2,1,7,Белгородская область
7,Биробиджан,,1,4,5,4,10,Еврейская автономная область
8,Благовещенск,,1,2,3,2,8,Амурская область
9,Брянск,,1,1,2,1,7,Брянская область
10,Великий Новгород,,1,1,2,1,7,Новгородская область
11,Владивосток,,1,2,3,2,8,Приморский край
12,Владикавказ,,1,1,2,1,7,Республика Северная Осетия-Алания
13,Владимир,,1,1,2,1,7,Владимирская область
14,Волгоград,,1,1,2,1,7,Волгоградская область
15,Вологда,,1,1,2,1,7,Вологодская область
16,Воронеж,,1,1,2,1,7,Воронежская область
17,Горно-Алтайск,,1,3,4,3,9,Республика Алтай
18,Екатеринбург,,1,1,2,1,7,Свердловская область
19,Иваново,,1,1,2,1,7,Ивановская область
20,Ижевск,,1,1,2,1,7,Удмуртская Республика
21,Иркутск,,1,1,2,1,7,Иркутская область
22,Йошкар-Ола,,1,2,3,2,8,Республика Марий Эл
23,Казань,,1,1,2,1,7,Республика Татарстан
24,Калининград,,1,1,2,1,7,Калининградская область
25,Калуга,,1,1,2,1,7,Калужская область
26,Кемерово,,1,1,2,1,7,Кемеровская область
27,Киров,,1,2,3,2,8,Кировская область
28,Кострома,,1,1,2,1,7,Костромская область
29,Краснодар,,1,1,2,1,7,Краснодарский край
30,Красноярск,,1,1,2,1,7,Красноярский край
31,Курган,,1,2,3,2,8,Курганская область
32,Курск,,1,1,2,1,7,Курская область
33,Кызыл,,1,4,5,4,10,Республика Тыва
34,Липецк,,1,1,2,1,7,Липецкая область
35,Магадан,,1,3,4,3,9,Магаданская область
36,Майкоп,,1,2,3,2,8,Республика Адыгея
37,Махачкала,,1,2,3,2,8,Республика Дагестан
38,Москва,,1,1,2,1,7,Московская область
39,Мурманск,,1,1,2,1,7,Мурманская область
40,Нальчик,,1,2,3,2,8,Кабардино-Балкарская Республика
41,Нижний Новгород,,1,1,2,1,7,Нижегородская область
42,Новосибирск,,1,1,2,1,7,Новосибирская область
43,Омск,,1,1,2,1,7,Омская область
44,Орел,,1,1,2,1,7,Орловская область
45,Оренбург,,1,1,2,1,7,Оренбургская область
46,Пенза,,1,2,3,2,8,Пензенская область
47,Пермь,,1,1,2,1,7,Пермский край
48,Петрозаводск,,1,2,3,2,8,Республика Карелия
49,Петропавловск-Камчатский,,1,2,3,2,8,Камчатский край
50,Псков,,1,2,3,2,8,Псковская область
51,Ростов-на-Дону,,1,1,2,1,7,Ростовская область
52,Рязань,,1,1,2,1,7,Рязанская область
53,Салехард,,1,3,4,3,9,Ямало-Ненецкий автономный округ
54,Самара,,1,1,2,1,7,Самарская область
55,Санкт-Петербург,,1,1,2,1,7,Ленинградская область
56,Саранск,,1,2,3,2,8,Республика Мордовия
57,Саратов,,1,1,2,1,7,Саратовская область
58,Смоленск,,1,1,2,1,7,Смоленская область
59,Ставрополь,,1,1,2,1,7,Ставропольский край
60,Сыктывкар,,1,1,2,1,7,Республика Коми
61,Тамбов,,1,1,2,1,7,Тамбовская область
62,Тверь,,1,1,2,1,7,Тверская область
63,Томск,,1,1,2,1,7,Томская область
64,Тула,,1,1,2,1,7,Тульская область
65,Тюмень,,1,1,2,1,7,Тюменская область
66,Улан-Удэ,,1,3,4,3,9,Республика Бурятия
67,Ульяновск,,1,2,3,2,8,Ульяновская область
68,Уфа,,1,1,2,1,7,Республика Башкортостан
69,Хабаровск,,1,2,3,2,8,Хабаровский край
70,Ханты-Мансийск,,1,2,3,2,8,Ханты-Мансийский автономный округ
71,Чебоксары,,1,1,2,1,7,Чувашская Республика
72,Челябинск,,1,1,2,1,7,Челябинская область
73,Черкесск,,1,3,4,3,9,Карачаево-Черексская Республика
74,Чита,,1,3,4,3,9,Забайкальский край
75,Элиста,,1,2,3,2,8,Республика Калмыкия
76,Южно-Сахалинск,,1,2,3,2,8,Сахалинская область
77,Якутск,,1,2,3,2,8,Республика Саха - Якутия
78,Ярославль,,1,1,2,1,7,Ярославская область
79,Алексеевка,6,2,2,7,2,13,
80,Белгород,6,2,2,3,2,9,
81,Борисовка,6,2,2,6,2,12,
82,Валуйки,6,2,2,7,2,13,
83,Вейделевка,6,2,2,9,2,15,
84,Волоконовск,6,2,2,7,2,13,
85,Грайворон,6,2,2,6,2,12,
86,Ивня,6,2,2,6,2,12,
87,Короча,6,2,2,4,2,10,
88,Красное,6,2,2,6,2,12,
89,Бирюч,6,2,2,7,2,13,
90,Красная Яруга,6,2,2,6,2,12,
91,Новый Оскол,6,2,2,4,2,10,
92,Прохоровка,6,2,2,6,2,12,
93,Ракитное,6,2,2,6,2,12,
94,Ровеньки,6,2,2,9,2,15,
95,Чернянка,6,2,2,7,2,13,
96,Шебекино,6,2,2,6,2,12,
97,Строитель,6,2,2,6,2,12,
98,Губкин,6,2,2,4,2,10,
99,Старый Оскол,6,2,2,5,2,11,
100,Локоть,9,2,2,4,2,10,
101,Брянск,9,2,2,3,2,9,
102,Выгоничи,9,2,2,4,2,10,
103,Гордеевка,9,2,2,6,2,12,
104,Дубровка,9,2,2,4,2,10,
105,Дятьково,9,2,2,3,2,9,
106,Жирятино,9,2,2,4,2,10,
107,Жуковка,9,2,2,4,2,10,
108,Злынка,9,2,2,4,2,10,
109,Карачев,9,2,2,3,2,9,
110,Клетня,9,2,2,4,2,10,
111,Климово,9,2,2,6,2,12,
112,Клинцы,9,2,2,4,2,10,
113,Комаричи,9,2,2,4,2,10,
114,Красная Гора,9,2,2,6,2,12,
115,Мглин,9,2,2,4,2,10,
116,Навля,9,2,2,4,2,10,
117,Новозыбков,9,2,2,4,2,10,
118,Погар,9,2,2,4,2,10,
119,Почеп,9,2,2,4,2,10,
120,Рогнедино,9,2,2,4,2,10,
121,Севск,9,2,2,4,2,10,
122,Стародуб,9,2,2,4,2,10,
123,Суземка,9,2,2,4,2,10,
124,Сураж,9,2,2,4,2,10,
125,Трубчевск,9,2,2,4,2,10,
126,Унеча,9,2,2,4,2,10,
127,Александров,13,2,2,6,2,12,
128,Вязники,13,2,2,8,2,14,
129,Гороховец,13,2,2,8,2,14,
130,Гусь-Хрустальный ,13,2,2,6,2,12,
131,Камешково,13,2,2,6,2,12,
132,Киржач,13,2,2,6,2,12,
133,Ковров,13,2,2,4,2,10,
134,Кольчугино,13,2,2,6,2,12,
135,Меленки,13,2,2,8,2,14,
136,Муром,13,2,2,4,2,10,
137,Петушки,13,2,2,6,2,12,
138,Красная Горбатка,13,2,2,8,2,14,
139,Собинка,13,2,2,6,2,12,
140,Судогда,13,2,2,6,2,12,
141,Суздаль,13,2,2,6,2,12,
142,Юрьев-Польский ,13,2,2,6,2,12,
143,Радужный,13,2,2,7,2,13,
144,Анна,16,2,2,6,2,12,
145,Бобров,16,2,2,6,2,12,
146,Богучар,16,2,2,7,2,13,
147,Бутурлиновка,16,2,2,6,2,12,
148,Верхний Мамон,16,2,2,7,2,13,
149,Верхняя Хава,16,2,2,6,2,12,
150,Воробьевка,16,2,2,7,2,13,
151,Грибановский ,16,2,2,7,2,13,
152,Калач,16,2,2,7,2,13,
153,Каменка,16,2,2,6,2,12,
154,Кантемировка,16,2,2,7,2,13,
155,Каширское,16,2,2,6,2,12,
156,Лиски,16,2,2,4,2,10,
157,Нижнедевицк,16,2,2,6,2,12,
158,Новая Усмань,16,2,2,6,2,12,
159,Новохоперск,16,2,2,6,2,12,
160,Ольховатка,16,2,2,5,2,11,
161,Острогожск,16,2,2,6,2,12,
162,Павловск,16,2,2,7,2,13,
163,Панино,16,2,2,6,2,12,
164,Петропавловка,16,2,2,7,2,13,
165,Поворино,16,2,2,6,2,12,
166,Подгоренский ,16,2,2,7,2,13,
167,Рамонь,16,2,2,6,2,12,
168,Рельевка,16,2,2,6,2,12,
169,Россошь,16,2,2,5,2,11,
170,Семилуки,16,2,2,6,2,12,
171,Таловая,16,2,2,6,2,12,
172,Терновка,16,2,2,7,2,13,
173,Хохольский ,16,2,2,6,2,12,
174,Эртиль,16,2,2,6,2,12,
175,Нововоронеж,16,2,2,6,2,12,
176,Борисоглебск,16,2,2,5,2,11,
177,Верхней Ландех,19,2,2,10,2,16,
178,Вичуга,19,2,2,10,2,16,
179,Гаврилово-Посад,19,2,2,10,2,16,
180,Заволжск,19,2,2,10,2,16,
181,Иваново,19,2,2,3,2,9,
182,Ильинское-Хованское,19,2,2,10,2,16,
183,Кинешма,19,2,2,6,2,12,
184,Комсомольск,19,2,2,10,2,16,
185,Лежнево,19,2,2,10,2,16,
186,Лух,19,2,2,10,2,16,
187,Палех,19,2,2,10,2,16,
188,Пестяки,19,2,2,10,2,16,
189,Приволжск,19,2,2,10,2,16,
190,Пучеж,19,2,2,10,2,16,
191,Родники,19,2,2,10,2,16,
192,Савино,19,2,2,10,2,16,
193,Тейково,19,2,2,6,2,12,
194,Фурманов,19,2,2,10,2,16,
195,Шуя,19,2,2,6,2,12,
196,Южа,19,2,2,10,2,16,
197,Юрьевец,19,2,2,10,2,16,
198,Кохма,19,2,2,6,2,12,
199,Бабынино,25,2,2,6,2,12,
200,Барятино,25,2,2,6,2,12,
201,Боровск,25,2,3,4,3,10,
202,Думиничи,25,2,3,7,3,13,
203,Кондрово,25,2,2,6,2,12,
204,Жиздра,25,2,2,6,2,12,
205,Жуков,25,2,3,4,3,10,
206,Износки,25,2,2,6,2,12,
207,Киров,25,2,2,4,2,10,
208,Козельск,25,2,2,3,2,9,
209,Бетлица,25,2,2,6,2,12,
210,Людиново,25,2,2,6,2,12,
211,Малоярославец,25,2,3,7,3,13,
212,Медынь,25,2,2,6,2,12,
213,Мещовск,25,2,2,6,2,12,
214,Мосальск,25,2,2,6,2,12,
215,Перемышль,25,2,2,6,2,12,
216,Спас-Деменск,25,2,2,6,2,12,
217,Сухиничи,25,2,3,4,3,10,
218,Таруса,25,2,2,6,2,12,
219,Ульяново,25,2,3,7,3,13,
220,Ферзиково,25,2,2,6,2,12,
221,Хвастовичи,25,2,3,7,3,13,
222,Юхнов,25,2,2,4,2,10,
223,Обнинск,25,2,2,3,2,9,
224,Антропово,28,2,3,8,3,14,
225,Буй,28,2,3,8,3,14,
226,Вохма,28,2,3,8,3,14,
227,Галич,28,2,3,6,3,12,
228,Кадый,28,2,3,6,3,12,
229,Кологрив,28,2,3,8,3,14,
230,Кострома,28,2,2,3,2,9,
231,Красное-на-Волге,28,2,3,4,3,10,
232,Макарьев,28,2,3,6,3,12,
233,Мантурово,28,2,3,8,3,14,
234,Георгиевское,28,2,3,8,3,14,
235,Нея,28,2,3,8,3,14,
236,Нерехта,28,2,3,6,3,12,
237,Боговарово,28,2,3,8,3,14,
238,Островское,28,2,3,6,3,12,
239,Павино,28,2,3,8,3,14,
240,Парфеньево,28,2,3,8,3,14,
241,Поназырево,28,2,3,15,3,21,
242,Пыщуг,28,2,3,6,3,12,
243,Солигалич,28,2,3,8,3,14,
244,Судиславль,28,2,3,6,3,12,
245,Сусанино,28,2,3,8,3,14,
246,Чухлома,28,2,3,8,3,14,
247,Шарья,28,2,3,6,3,12,
248,Волгореченск,28,2,3,6,3,12,
249,Белая,32,2,2,6,2,12,
250,Большое Солдатское,32,2,2,6,2,12,
251,Глушково,32,2,2,6,2,12,
252,Горшечное,32,2,2,6,2,12,
253,Дмитриев,32,2,2,6,2,12,
254,Железногорск,32,2,2,4,2,10,
255,Золотухино,32,2,2,6,2,12,
256,Касторное,32,2,2,6,2,12,
257,Конышевка,32,2,2,6,2,12,
258,Коренево,32,2,2,6,2,12,
259,Курск,32,2,2,3,2,9,
260,Курчатов,32,2,2,6,2,12,
261,Льгов,32,2,2,6,2,12,
262,Мантурово,32,2,2,6,2,12,
263,Медвенка,32,2,2,6,2,12,
264,Обоянь,32,2,2,6,2,12,
265,Прямицыно,32,2,2,6,2,12,
266,Поныри,32,2,2,6,2,12,
267,Пристень,32,2,2,6,2,12,
268,Рыльск,32,2,2,6,2,12,
269,Кшенский,32,2,2,6,2,12,
270,Солнцево,32,2,2,6,2,12,
271,Суджа,32,2,2,6,2,12,
272,Тим,32,2,2,6,2,12,
273,Фатеж,32,2,2,6,2,12,
274,Хомутовка,32,2,2,6,2,12,
275,Черемисиново,32,2,2,6,2,12,
276,Щигры,32,2,2,6,2,12,
277,Кшень,32,2,2,6,2,12,
278,Волово,34,2,2,6,2,12,
279,Грязи,34,2,2,6,2,12,
280,Данков,34,2,2,6,2,12,
281,Добринка,34,2,2,6,2,12,
282,Доброе,34,2,2,6,2,12,
283,Долгоруково,34,2,2,6,2,12,
284,Елец,34,2,2,4,2,10,
285,Задонск,34,2,2,6,2,12,
286,Измалково,34,2,2,6,2,12,
287,Красное,34,2,2,6,2,12,
288,Лебедянь,34,2,2,6,2,12,
289,Лев Толстой,34,2,2,6,2,12,
290,Липецк,34,2,2,3,2,9,
291,Становое,34,2,2,6,2,12,
292,Тербуны,34,2,2,6,2,12,
293,Усмань,34,2,2,6,2,12,
294,Хлевное,34,2,2,6,2,12,
295,Чаплыгин,34,2,2,6,2,12,
296,Болхов,44,2,3,6,3,12,
297,Верховье,44,2,2,3,2,9,
298,Глазуновка,44,2,2,3,2,9,
299,Дмитровск,44,2,3,4,3,10,
300,Долгое,44,2,2,5,2,11,
301,Залегощь,44,2,2,3,2,9,
302,Знаменское,44,2,2,4,2,10,
303,Колпна,44,2,4,6,4,12,
304,Корсаково,44,2,3,4,3,10,
305,Красная Заря,44,2,4,6,4,12,
306,Кромы,44,2,2,3,2,9,
307,Ливны,44,2,2,3,2,9,
308,Малоархангельск,44,2,2,3,2,9,
309,Мценск,44,2,2,3,2,9,
310,Хомутово,44,2,4,6,4,12,
311,Новосиль,44,2,3,4,3,10,
312,Орел,44,2,2,3,2,9,
313,Покровское,44,2,2,3,2,9,
314,Змиевка,44,2,2,3,2,9,
315,Сосково,44,2,3,6,3,12,
316,Тросна,44,2,3,4,3,10,
317,Нарышкино,44,2,2,3,2,9,
318,Хотынец,44,2,2,3,2,9,
319,Шаблыкино,44,2,4,6,4,12,
320,Александро-Невский,52,2,2,6,2,12,
321,Ермишь,52,2,2,6,2,12,
322,Захарово,52,2,2,6,2,12,
323,Кадом,52,2,2,6,2,12,
324,Касимов,52,2,2,6,2,12,
325,Спас-Клепики,52,2,2,6,2,12,
326,Кораблино,52,2,2,6,2,12,
327,Милославское,52,2,2,6,2,12,
328,Михайлов,52,2,2,6,2,12,
329,Пителино,52,2,2,6,2,12,
330,Пронск,52,2,2,6,2,12,
331,Путятино,52,2,2,6,2,12,
332,Рыбное,52,2,2,6,2,12,
333,Ряжск,52,2,2,6,2,12,
334,Рязань,52,2,2,6,2,12,
335,Сапожок,52,2,2,6,2,12,
336,Сараи,52,2,2,6,2,12,
337,Сасово,52,2,2,6,2,12,
338,Скопин,52,2,2,6,2,12,
339,Спасск-Рязанский,52,2,2,6,2,12,
340,Старожилово,52,2,2,6,2,12,
341,Ухолово,52,2,2,6,2,12,
342,Чучково,52,2,2,6,2,12,
343,Шацк,52,2,2,6,2,12,
344,Шилово,52,2,2,6,2,12,
345,Велиж,58,2,2,6,2,12,
346,Вязьма,58,2,2,3,2,9,
347,Гагарин,58,2,2,7,2,13,
348,Глинка,58,2,2,6,2,12,
349,Демидов,58,2,2,6,2,12,
350,Дорогобуж,58,2,2,7,2,13,
351,Духовщина,58,2,2,6,2,12,
352,Ельня,58,2,2,6,2,12,
353,Ершичи,58,2,2,6,2,12,
354,Кардымово,58,2,2,6,2,12,
355,Красный  ,58,2,2,6,2,12,
356,Монастырщина,58,2,2,6,2,12,
357,Новодугино,58,2,2,7,2,13,
358,Починок,58,2,2,6,2,12,
359,Рославль,58,2,2,6,2,12,
360,Рудня,58,2,2,6,2,12,
361,Сафоново,58,2,2,7,2,13,
362,Смоленск,58,2,2,3,2,9,
363,Сычёвка,58,2,2,7,2,13,
364,Тёмкино,58,2,2,7,2,13,
365,Угра,58,2,2,7,2,13,
366,Хиславичи,58,2,2,6,2,12,
367,Холм-Жирковский ,58,2,2,7,2,13,
368,Шумячи,58,2,2,7,2,13,
369,Ярцево,58,2,2,6,2,12,
370,Десногорск,58,2,2,7,2,13,
371,Бондари,61,2,2,7,2,13,
372,Гавриловка 2-я,61,2,2,7,2,13,
373,Жердевка,61,2,2,7,2,13,
374,Знаменка,61,2,2,7,2,13,
375,Инжавино,61,2,2,7,2,13,
376,Кирсанов,61,2,2,7,2,13,
377,Мичуринск,61,2,2,7,2,13,
378,Мордово,61,2,2,7,2,13,
379,Моршанск,61,2,2,7,2,13,
380,Мучкапский ,61,2,2,7,2,13,
381,Дмитриевка,61,2,2,7,2,13,
382,Первомайский ,61,2,2,7,2,13,
383,Петровское,61,2,2,7,2,13,
384,Пичаево,61,2,2,7,2,13,
385,Рассказово,61,2,2,7,2,13,
386,Ржакса,61,2,2,7,2,13,
387,Сатинка,61,2,2,7,2,13,
388,Сосновка,61,2,2,7,2,13,
389,Староюрьево,61,2,2,7,2,13,
390,Тамбов,61,2,2,7,2,13,
391,Токарёвка,61,2,2,7,2,13,
392,Уварово,61,2,2,7,2,13,
393,Умёт,61,2,2,7,2,13,
394,Сампур,61,2,2,7,2,13,
395,Андреаполь,62,2,2,10,2,16,
396,Бежецк,62,2,2,6,2,12,
397,Белый ,62,2,2,10,2,16,
398,Бологое,62,2,2,10,2,16,
399,Весьегонск,62,2,2,6,2,12,
400,Вышний Волочек,62,2,2,6,2,12,
401,Жарковский ,62,2,2,10,2,16,
402,Западная Двина,62,2,2,10,2,16,
403,Зубцов,62,2,2,10,2,16,
404,Тверь,62,2,2,3,2,9,
405,Калязин,62,2,2,6,2,12,
406,Кашин,62,2,2,6,2,12,
407,Кесова Гора,62,2,2,6,2,12,
408,Кимры,62,2,2,6,2,12,
409,Конаково,62,2,2,6,2,12,
410,Красный Холм,62,2,2,6,2,12,
411,Кувшиново,62,2,2,10,2,16,
412,Лесное,62,2,2,10,2,16,
413,Лихославль,62,2,2,10,2,16,
414,Максатиха,62,2,2,10,2,16,
415,Молоково,62,2,2,6,2,12,
416,Нелидово,62,2,2,10,2,16,
417,Оленино,62,2,2,10,2,16,
418,Осташков,62,2,2,10,2,16,
419,Пено,62,2,2,10,2,16,
420,Рамешки,62,2,2,6,2,12,
421,Ржев,62,2,2,6,2,12,
422,Сандово,62,2,2,6,2,12,
423,Селижарово,62,2,2,10,2,16,
424,Сонково,62,2,2,6,2,12,
425,Спирово,62,2,2,6,2,12,
426,Старица,62,2,2,10,2,16,
427,Торжок,62,2,2,6,2,12,
428,Торопец,62,2,2,10,2,16,
429,Удомля,62,2,2,10,2,16,
430,Фирово,62,2,2,10,2,16,
431,Редкино,62,2,2,7,2,13,
432,ЗАТО Озерный,62,2,2,6,2,12,
433,ЗАТО Солнечный,62,2,2,12,2,18,
434,Старая Торопа,62,2,2,6,2,12,
435,Алексин,64,2,2,6,2,12,
436,Арсеньево,64,2,2,6,2,12,
437,Белёв,64,2,2,3,2,9,
438,Богородицк,64,2,2,3,2,9,
439,Венёв,64,2,2,6,2,12,
440,Волово,64,2,2,6,2,12,
441,Дубна,64,2,2,6,2,12,
442,Ефремов,64,2,2,3,2,9,
443,Заокский ,64,2,2,6,2,12,
444,Архангельское,64,2,2,6,2,12,
445,Кимовск,64,2,2,6,2,12,
446,Киреевск,64,2,2,6,2,12,
447,Куркино,64,2,2,6,2,12,
448,Ленинский ,64,2,2,6,2,12,
449,Одоев,64,2,2,6,2,12,
450,Плавск,64,2,2,6,2,12,
451,Суворов,64,2,2,6,2,12,
452,Тёплое,64,2,2,6,2,12,
453,Узловая,64,2,2,6,2,12,
454,Чернь,64,2,2,6,2,12,
455,Щёкино,64,2,2,3,2,9,
456,Ясногорск,64,2,2,6,2,12,
457,Донской,64,2,2,6,2,12,
458,Новомосковск,64,2,2,4,2,10,
459,Большое Село,78,2,2,7,2,13,
460,Борисоглебский ,78,2,2,5,2,11,
461,Брейтово,78,2,2,7,2,13,
462,Гаврилов-Ям,78,2,2,7,2,13,
463,Данилов,78,2,2,7,2,13,
464,Любим,78,2,2,7,2,13,
465,Мышкин,78,2,2,7,2,13,
466,Новый Некоуз,78,2,2,7,2,13,
467,Некрасовское,78,2,2,7,2,13,
468,Пречистое,78,2,2,7,2,13,
469,Переславль-Залесский,78,2,2,5,2,11,
470,Пошехонье,78,2,2,10,2,16,
471,Ростов,78,2,2,5,2,11,
472,Рыбинск,78,2,2,4,2,10,
473,Тутаев,78,2,2,7,2,13,
474,Углич,78,2,2,7,2,13,
475,Ярославль,78,2,2,4,2,10,
476,Вельск,3,2,4,10,4,16,
477,Верхняя Тойма,3,2,4,7,4,13,
478,Ильинско-Подомское,3,2,6,8,6,14,
479,Березник,3,2,3,9,3,15,
480,Каргополь,3,2,4,11,4,17,
481,Коноша,3,2,4,11,4,17,
482,Котлас,3,2,4,7,4,13,
483,Красноборск,3,2,4,7,4,13,
484,Яренск,3,2,4,25,4,22,
485,Лешуконское,3,2,3,25,3,22,
486,Мезень,3,2,3,25,3,22,
487,Няндома,3,2,4,11,4,17,
488,Онега,3,2,3,12,3,18,
489,Карпогоры,3,2,3,25,3,22,
490,Плесецк,3,2,3,12,3,18,
491,Архангельск,3,2,2,4,2,10,
492,Октябрьский,3,2,4,10,4,16,
493,Холмогоры,3,2,3,11,3,17,
494,Шенкурск,3,2,4,10,4,16,
495,Северодвинск,3,2,3,5,3,11,
496,Новодвинск,3,2,3,7,3,13,
497,Коряжма,3,2,5,8,5,14,
498,Батецкий,10,2,2,10,2,16,
499,Боровичи,10,2,2,3,2,9,
500,Валдай,10,2,2,7,2,13,
501,Волот,10,2,2,8,2,14,
502,Демянск,10,2,2,8,2,14,
503,Крестцы,10,2,2,4,2,10,
504,Любытино,10,2,2,8,2,14,
505,Марево,10,2,2,8,2,14,
506,Мошенское,10,2,2,8,2,14,
507,Великий Новгород,10,2,2,3,2,9,
508,Окуловка,10,2,2,4,2,10,
509,Парфино,10,2,2,8,2,14,
510,Пестово,10,2,2,8,2,14,
511,Поддорье,10,2,2,8,2,14,
512,Сольцы,10,2,2,8,2,14,
513,Старая Русса,10,2,2,4,2,10,
514,Хвойная,10,2,2,8,2,14,
515,Холм,10,2,2,8,2,14,
516,Чудово,10,2,2,7,2,13,
517,Шимск,10,2,2,8,2,14,
518,Малая Вишера,10,2,2,7,2,13,
519,Бабаево,15,2,2,6,2,12,
520,село имени Бабушкина,15,2,2,6,2,12,
521,Белозерск,15,2,2,6,2,12,
522,Великий Устюг,15,2,2,4,2,10,
523,Верховажье,15,2,2,6,2,12,
524,Вожега,15,2,2,6,2,12,
525,Вологда,15,2,2,3,2,9,
526,Вытегра,15,2,2,6,2,12,
527,Грязовец,15,2,2,6,2,12,
528,Кадуй,15,2,2,6,2,12,
529,Кириллов,15,2,2,6,2,12,
530,Кичменгский Городок,15,2,2,6,2,12,
531,Липин Бор,15,2,2,6,2,12,
532,Никольск,15,2,2,6,2,12,
533,Нюксеница,15,2,2,6,2,12,
534,Сокол,15,2,2,6,2,12,
535,Сямжа,15,2,2,6,2,12,
536,Тарногский Городок,15,2,2,6,2,12,
537,Тотьма,15,2,2,6,2,12,
538,Устье,15,2,2,6,2,12,
539,Устюжна,15,2,2,6,2,12,
540,Харовск,15,2,2,6,2,12,
541,Чагода,15,2,2,6,2,12,
542,Череповец,15,2,2,3,2,9,
543,Шексна,15,2,2,6,2,12,
544,Шуйское,15,2,2,6,2,12,
545,Кич-Городок,15,2,2,7,2,13,
546,Багратионовск,24,2,2,4,2,10,
547,Гвардейск,24,2,2,3,2,9,
548,Гурьевск,24,2,2,4,2,10,
549,Гусев,24,2,2,3,2,9,
550,Зеленоградск,24,2,2,4,2,10,
551,Краснознаменск,24,2,2,4,2,10,
552,Неман,24,2,2,4,2,10,
553,Нестеров,24,2,2,4,2,10,
554,Озерск,24,2,2,4,2,10,
555,Полесск,24,2,2,6,2,12,
556,Правдинск,24,2,2,6,2,12,
557,Славск,24,2,2,4,2,10,
558,Черняховск,24,2,2,3,2,9,
559,Балтийск,24,2,2,6,2,12,
560,Пионерск,24,2,2,6,2,12,
561,Светлогорск,24,2,2,6,2,12,
562,Светлый,24,2,2,6,2,12,
563,Янтарный,24,2,2,6,2,12,
564,Храброво,24,2,2,4,2,10,
565,Советск,24,2,2,6,2,12,
566,Приморск,24,2,2,4,2,10,
567,Ладушкин,24,2,2,4,2,10,
568,Мамоново,24,2,2,4,2,10,
569,Кандалакша,39,2,2,6,2,12,
570,Кола,39,2,2,6,2,12,
571,Ловозеро,39,2,2,10,2,16,
572,Никель,39,2,2,6,2,12,
573,Умба,39,2,2,20,2,27,
574,Ковдор,39,2,2,8,2,12,
575,Апатиты,39,2,2,6,2,12,
576,Мончегорск,39,2,2,6,2,12,
577,Оленегорск,39,2,2,6,2,12,
578,Полярный,39,2,2,6,2,12,
579,Полярные Зори,39,2,2,7,2,13,
580,Североморск,39,2,2,6,2,12,
581,Заполярный,39,2,2,6,2,12,
582,Снежногорск,39,2,2,6,2,12,
583,Заозерск,39,2,2,6,2,12,
584,Гаджиево,39,2,2,6,2,12,
585,Кировск,39,2,2,6,2,12,
586,МАПП Борисоглебский,39,2,2,6,2,12,
587,МАПП Салла,39,2,2,6,2,12,
588,Ревда,39,2,2,6,2,12,
589,Видяево,39,2,2,6,2,12,
590,МАПП Лотта,39,2,2,6,2,12,
591,Мурмаши,39,2,2,6,2,12,
592,Печенга,39,2,2,6,2,12,
593,Беломорск,48,2,3,8,3,14,
594,Кемь,48,2,3,7,3,13,
595,Кондопога,48,2,3,7,3,13,
596,Лахденпохья,48,2,3,7,3,13,
597,Лоухи,48,2,3,8,3,14,
598,Медвежьегорск,48,2,3,7,3,13,
599,Муезерский,48,2,3,7,3,13,
600,Олонец,48,2,3,4,3,10,
601,Питкяранта,48,2,3,7,3,13,
602,Петрозаводск,48,2,3,4,3,10,
603,Пряжа,48,2,3,4,3,10,
604,Пудож,48,2,3,11,3,17,
605,Сегежа,48,2,3,7,3,13,
606,Сортавала,48,2,3,7,3,13,
607,Суоярви,48,2,3,7,3,13,
608,Костомукша,48,2,3,7,3,13,
609,Калевала,48,2,3,12,3,18,
610,Бежаницы,50,2,3,7,3,13,
611,Великие Луки,50,2,3,4,3,10,
612,Гдов,50,2,3,7,3,13,
613,Дедовичи,50,2,3,7,3,13,
614,Дно,50,2,3,7,3,13,
615,Красногородск,50,2,3,7,3,13,
616,Кунья,50,2,3,7,3,13,
617,Локня,50,2,3,7,3,13,
618,Невель,50,2,3,7,3,13,
619,Новоржев,50,2,3,7,3,13,
620,Новосокольники,50,2,3,7,3,13,
621,Опочка,50,2,3,7,3,13,
622,Остров,50,2,3,7,3,13,
623,Палкино,50,2,3,7,3,13,
624,Печоры,50,2,3,7,3,13,
625,Плюсса,50,2,3,7,3,13,
626,Порхов,50,2,3,7,3,13,
627,Псков,50,2,3,7,3,13,
628,Пустошка,50,2,3,7,3,13,
629,Пушкинские Горы,50,2,3,7,3,13,
630,Пыталово,50,2,3,7,3,13,
631,Себеж,50,2,3,5,3,11,
632,Струги Красные,50,2,3,7,3,13,
633,Усвяты,50,2,3,7,3,13,
634,Бокситогорск,55,2,2,6,2,12,
635,Волосово,55,2,2,6,2,12,
636,Волхов,55,2,2,4,2,10,
637,Всеволожск,55,2,2,4,2,10,
638,Выборг,55,2,2,4,2,10,
639,Гатчина,55,2,2,6,2,12,
640,Кингисепп,55,2,2,6,2,12,
641,Кириши,55,2,2,6,2,12,
642,Кировск,55,2,2,6,2,12,
643,Лодейное Поле,55,2,2,3,2,9,
644,Ломоносов,55,2,2,4,2,10,
645,Луга,55,2,2,6,2,12,
646,Подпорожье,55,2,2,6,2,12,
647,Приозерск,55,2,2,6,2,12,
648,Сланцы,55,2,2,6,2,12,
649,Тихвин,55,2,2,6,2,12,
650,Тосно,55,2,2,6,2,12,
651,Сосновый Бор,55,2,2,6,2,12,
652,Ахтубинск,4,2,2,4,2,10,
653,Володарский ,4,2,2,6,2,12,
654,Енотаевка,4,2,2,6,2,12,
655,Икряное,4,2,2,6,2,12,
656,Камызяк,4,2,2,6,2,12,
657,Красный Яр,4,2,2,6,2,12,
658,Лиман,4,2,2,6,2,12,
659,Нариманов,4,2,2,6,2,12,
660,Началово,4,2,2,6,2,12,
661,Харабали,4,2,2,4,2,10,
662,Черный Яр,4,2,2,6,2,12,
663,Алагир,12,2,2,6,2,12,
664,Ардон,12,2,2,6,2,12,
665,Дигора,12,2,2,6,2,12,
666,Чикола,12,2,2,6,2,12,
667,Эльхотово,12,2,2,6,2,12,
668,Моздок,12,2,2,4,2,10,
669,Беслан,12,2,2,6,2,12,
670,Октябрьское,12,2,2,3,2,9,
671,Алексеевская,14,2,2,8,2,14,
672,Быково,14,2,2,6,2,12,
673,Городище,14,2,2,6,2,12,
674,Даниловка,14,2,2,8,2,14,
675,Дубовка,14,2,2,6,2,12,
676,Елань,14,2,2,8,2,14,
677,Жирновск,14,2,2,7,2,13,
678,Иловля,14,2,2,6,2,12,
679,Калач на Дону,14,2,2,4,2,10,
680,Камышин,14,2,2,4,2,10,
681,Преображенская,14,2,2,8,2,14,
682,Клетский ,14,2,2,6,2,12,
683,Котельниково,14,2,2,4,2,10,
684,Котово,14,2,2,8,2,14,
685,Кумылженская,14,2,2,8,2,14,
686,Ленинск ,14,2,2,6,2,12,
687,Михайловка,14,2,2,6,2,12,
688,Нехаевская,14,2,2,8,2,14,
689,Николаевск,14,2,2,6,2,12,
690,Новоаннинский ,14,2,2,4,2,10,
691,Новониколаевский ,14,2,2,8,2,14,
692,Октябрьский ,14,2,2,4,2,10,
693,Ольховка,14,2,2,6,2,12,
694,Палласовка,14,2,2,6,2,12,
695,Рудня,14,2,2,8,2,14,
696,Светлый Яр,14,2,2,6,2,12,
697,Серафимович,14,2,2,8,2,14,
698,Средняя Ахтуба,14,2,2,6,2,12,
699,Старая Полтавка,14,2,2,6,2,12,
700,Суровикино,14,2,2,6,2,12,
701,Урюпинск,14,2,2,8,2,14,
702,Фролово,14,2,2,4,2,10,
703,Чернышковский ,14,2,2,6,2,12,
704,Волжский,14,2,2,4,2,10,
705,Абинск,29,2,2,4,2,10,
706,Апшеронск,29,2,2,4,2,10,
707,Белая Глина,29,2,2,4,2,10,
708,Белореченск,29,2,2,4,2,10,
709,Брюховецкая,29,2,2,3,2,9,
710,Выселки,29,2,2,4,2,10,
711,Гулькевичи,29,2,2,3,2,9,
712,Динская,29,2,2,4,2,10,
713,Ейск,29,2,2,3,2,9,
714,Кавказская,29,2,2,3,2,9,
715,Калининская,29,2,2,4,2,10,
716,Каневская,29,2,2,3,2,9,
717,Кореновск,29,2,2,4,2,10,
718,Полтавская,29,2,2,6,2,12,
719,Крыловская,29,2,2,4,2,10,
720,Крымск,29,2,2,4,2,10,
721,Курганинск,29,2,2,5,2,11,
722,Кущевская,29,2,2,3,2,9,
723,Лабинск,29,2,2,4,2,10,
724,Ленинградская,29,2,2,4,2,10,
725,Мостовской,29,2,2,5,2,11,
726,Новокубанск,29,2,2,4,2,10,
727,Новопокровская,29,2,2,4,2,10,
728,Отрадная,29,2,2,5,2,11,
729,Павловская,29,2,2,4,2,10,
730,Приморско-Ахтарск,29,2,2,3,2,9,
731,Северская,29,2,2,4,2,10,
732,Славянск на Кубани,29,2,2,4,2,10,
733,Староминская,29,2,2,4,2,10,
734,Тбилисская,29,2,2,4,2,10,
735,Темрюк,29,2,2,3,2,9,
736,Тимашевск,29,2,2,3,2,9,
737,Тихорецк,29,2,2,3,2,9,
738,Туапсе,29,2,2,3,2,9,
739,Успенское,29,2,2,5,2,11,
740,Усть-Лабинск,29,2,2,3,2,9,
741,Старощербиновская,29,2,2,3,2,9,
742,Адлер,29,2,2,4,2,10,
743,Анапа,29,2,2,4,2,10,
744,Армавир,29,2,2,3,2,9,
745,Геленджик,29,2,2,4,2,10,
746,Горячий Ключ,29,2,2,3,2,9,
747,Кабардинка,29,2,2,4,2,10,
748,Красная Поляна,29,2,2,5,2,11,
749,Кропоткин,29,2,2,4,2,10,
750,Лазаревский,29,2,2,3,2,9,
751,Новороссийск,29,2,2,4,2,10,
752,Сочи,29,2,2,4,2,10,
753,Хадыженск,29,2,2,6,2,12,
754,Гиагинская,36,2,3,5,3,11,
755,Кошехабль,36,2,3,5,3,11,
756,Красногвардейское,36,2,3,6,3,12,
757,Тульский,36,2,3,4,3,10,
758,Тахтамукай,36,2,3,6,3,12,
759,Понежукай,36,2,3,6,3,12,
760,Хакуринохабль,36,2,3,5,3,11,
761,Адыгейск,36,2,3,4,3,10,
762,Тпиг,37,2,3,8,3,14,
763,Акуша,37,2,3,6,3,12,
764,Карата,37,2,3,8,3,14,
765,Ахты,37,2,3,7,3,13,
766,Бабаюрт,37,2,3,4,3,10,
767,Ботлих,37,2,3,8,3,14,
768,Буйнакск,37,2,3,4,3,10,
769,Гергебиль,37,2,3,5,3,11,
770,Мехельта,37,2,3,5,3,11,
771,Гуниб,37,2,3,7,3,13,
772,Уркарах,37,2,3,8,3,14,
773,Дербент,37,2,3,4,3,10,
774,Усухчай,37,2,3,7,3,13,
775,Дылым,37,2,3,7,3,13,
776,Маджалис,37,2,3,8,3,14,
777,Карабудахкент,37,2,3,4,3,10,
778,Новокаякент,37,2,3,7,3,13,
779,Кизилюрт,37,2,3,4,3,10,
780,Кизляр,37,2,3,4,3,10,
781,Вачи,37,2,3,7,3,13,
782,Коркмаскала,37,2,3,4,3,10,
783,Курах,37,2,3,8,3,14,
784,Кумух,37,2,3,5,3,11,
785,Леваши,37,2,3,5,3,11,
786,Магарамкент,37,2,3,8,3,14,
787,Новолакское,37,2,3,7,3,13,
788,Терекли-Мектеб,37,2,3,7,3,13,
789,Рутул,37,2,3,8,3,14,
790,Сергокала,37,2,3,7,3,13,
791,Касумкент,37,2,3,8,3,14,
792,Хучни,37,2,3,5,3,11,
793,Тарумовка,37,2,3,7,3,13,
794,Тлярата,37,2,3,8,3,14,
795,Унцукуль,37,2,3,5,3,11,
796,Хасавюрт,37,2,3,4,3,10,
797,Хив,37,2,3,8,3,14,
798,Хунзах,37,2,3,5,3,11,
799,Агвали,37,2,3,5,3,11,
800,Кидеро,37,2,3,8,3,14,
801,Цуриб,37,2,3,7,3,13,
802,Хебда,37,2,3,5,3,11,
803,Бежта,37,2,3,5,3,11,
804,Кочубей,37,2,3,5,3,11,
805,Южно-Сухокумск,37,2,3,5,3,11,
806,Дубки,37,2,3,5,3,11,
807,Мамедкала,37,2,3,5,3,11,
808,Каспийск,37,2,3,4,3,10,
809,Шамилькала,37,2,3,5,3,11,
810,Дагестанские Огни,37,2,3,4,3,10,
811,Избербаш,37,2,3,4,3,10,
812,Кидиро,37,2,3,6,3,12,
813,Белиджи,37,2,3,5,3,11,
814,Яраг-Казмаляр,37,2,3,4,3,10,
815,Баксан,40,2,3,7,3,13,
816,Залукокоаже,40,2,3,7,3,13,
817,Анзорей,40,2,3,4,3,10,
818,Майский,40,2,3,5,3,11,
819,Прохладный,40,2,3,5,3,11,
820,Терек,40,2,3,4,3,10,
821,Нарткала,40,2,3,5,3,11,
822,Чегем,40,2,3,5,3,11,
823,Кашхатау,40,2,3,4,3,10,
824,Тырныауз,40,2,3,7,3,13,
825,Азов,51,2,2,4,2,10,
826,Аксай,51,2,2,8,2,14,
827,Багаевская,51,2,2,6,2,12,
828,Белая Калитва,51,2,2,10,2,16,
829,Боковская,51,2,2,20,2,27,
830,Казанская,51,2,2,20,2,27,
831,Веселый,51,2,2,4,2,10,
832,Романовская,51,2,2,6,2,12,
833,Дубовское,51,2,2,15,2,21,
834,Егорлыкская,51,2,2,4,2,10,
835,Заветное,51,2,2,15,2,21,
836,Зерноград,51,2,2,4,2,10,
837,Зимовники,51,2,2,8,2,14,
838,Кагальницкая,51,2,2,4,2,10,
839,Кашары,51,2,2,15,2,21,
840,Глубокий,51,2,2,10,2,16,
841,Константиновск,51,2,2,10,2,16,
842,Красный Сулин,51,2,2,10,2,16,
843,Куйбышево,51,2,2,13,2,19,
844,Большая Мартыновка,51,2,2,6,2,12,
845,Матвеев-Курган,51,2,2,13,2,19,
846,Миллерово,51,2,2,10,2,16,
847,Милютинская,51,2,2,14,2,20,
848,Морозовск,51,2,2,9,2,15,
849,Чалтырь,51,2,2,4,2,10,
850,Покровское,51,2,2,13,2,19,
851,Обливская,51,2,2,14,2,20,
852,Каменоломни,51,2,2,10,2,16,
853,Орловский,51,2,2,10,2,16,
854,Песчанокопское,51,2,2,4,2,10,
855,Пролетарск,51,2,2,10,2,16,
856,Ремонтное,51,2,2,10,2,16,
857,Родионово-Несветайская,51,2,2,8,2,14,
858,Сальск,51,2,2,4,2,10,
859,Семикаракорск,51,2,2,6,2,12,
860,Советская,51,2,2,14,2,20,
861,Тарасовский,51,2,2,10,2,16,
862,Тацинская,51,2,2,10,2,16,
863,Усть-Донецкий,51,2,2,10,2,16,
864,Целина,51,2,2,4,2,10,
865,Цимлянск,51,2,2,10,2,16,
866,Чертково,51,2,2,10,2,16,
867,Вешенская,51,2,2,20,2,27,
868,Батайск,51,2,2,5,2,11,
869,Волгодонск,51,2,2,5,2,11,
870,Гуково,51,2,2,5,2,11,
871,Донецк,51,2,2,5,2,11,
872,Зверево,51,2,2,5,2,11,
873,Каменск-Шахтинский,51,2,2,4,2,10,
874,Лиховской,51,2,2,5,2,11,
875,Новошахтинск,51,2,2,6,2,12,
876,Новочеркасск,51,2,2,6,2,12,
877,Таганрог,51,2,2,5,2,11,
878,Шахты,51,2,2,4,2,10,
879,Александровское,59,2,2,6,2,12,
880,Курсавка,59,2,2,6,2,12,
881,Дивное,59,2,2,6,2,12,
882,Арзгир,59,2,2,8,2,14,
883,Благодарный,59,2,2,8,2,14,
884,Будённовск,59,2,2,6,2,12,
885,Георгиевск,59,2,2,6,2,12,
886,Грачёвка,59,2,2,6,2,12,
887,Изобильный,59,2,2,6,2,12,
888,Ипатово,59,2,2,6,2,12,
889,Новопавловск,59,2,2,7,2,13,
890,Кочубеевское,59,2,2,6,2,12,
891,Красногвардейское,59,2,2,6,2,12,
892,Курская,59,2,2,6,2,12,
893,Левокумское,59,2,2,7,2,13,
894,Минеральные Воды,59,2,2,6,2,12,
895,Нефтекумск,59,2,2,7,2,13,
896,Новоалександровск,59,2,2,6,2,12,
897,Новоселицкое,59,2,2,6,2,12,
898,Светлоград,59,2,2,6,2,12,
899,Ессентукская,59,2,2,6,2,12,
900,Зеленокумск,59,2,2,6,2,12,
901,Степное,59,2,2,6,2,12,
902,Донское,59,2,2,6,2,12,
903,Летняя Ставка,59,2,2,7,2,13,
904,Михайловск ,59,2,2,6,2,12,
905,Кисловодск,59,2,2,6,2,12,
906,Невинномысск,59,2,2,6,2,12,
907,Пятигорск,59,2,2,6,2,12,
908,Лермонтов,59,2,2,6,2,12,
909,Железноводск,59,2,2,6,2,12,
910,Адыге-Хабль,73,2,4,6,4,12,
911,Зеленчукская,73,2,4,7,4,13,
912,Карачаевск,73,2,4,7,4,13,
913,Учкекен,73,2,4,7,4,13,
914,Кавказский,73,2,4,7,4,13,
915,Преградная,73,2,4,7,4,13,
916,Усть-Джегута,73,2,4,7,4,13,
917,Хабез,73,2,4,7,4,13,
918,Городовиковск,75,2,3,7,3,13,
919,Ики-Бурул,75,2,3,7,3,13,
920,Кетченеры,75,2,3,5,3,11,
921,Лагань,75,2,3,7,3,13,
922,Малые Дербеты,75,2,3,5,3,11,
923,Большой Царын,75,2,3,5,3,11,
924,Приютное,75,2,3,7,3,13,
925,Садовое,75,2,3,5,3,11,
926,Троицкое,75,2,3,5,3,11,
927,Комсомольский,75,2,3,7,3,13,
928,Цаган Аман,75,2,3,7,3,13,
929,Яшалта,75,2,3,7,3,13,
930,Яшкуль,75,2,3,7,3,13,
931,Волжск,22,2,3,4,3,10,
932,Козьмодемьянск,22,2,3,7,3,13,
933,Звенигово,22,2,3,4,3,10,
934,Килемары,22,2,3,7,3,13,
935,Куженер,22,2,3,7,3,13,
936,Мари-Турек,22,2,3,7,3,13,
937,Медведево,22,2,3,4,3,10,
938,Морки,22,2,3,7,3,13,
939,Новый Торъял,22,2,3,7,3,13,
940,Оршанка,22,2,3,7,3,13,
941,Параньга,22,2,3,7,3,13,
942,Сернур,22,2,3,7,3,13,
943,Советский,22,2,3,7,3,13,
944,Юрино,22,2,3,7,3,13,
945,Агрыз,23,2,2,7,2,13,
946,Азнакаево,23,2,2,7,2,13,
947,Аксубаево,23,2,2,7,2,13,
948,Актаныш,23,2,2,7,2,13,
949,Алексеевское,23,2,2,6,2,12,
950,Базарные Матаки,23,2,2,6,2,12,
951,Альметьевск,23,2,2,6,2,12,
952,Апастово,23,2,2,6,2,12,
953,Арск,23,2,2,6,2,12,
954,Большая Атня,23,2,2,6,2,12,
955,Бавлы,23,2,2,7,2,13,
956,Балтаси,23,2,2,6,2,12,
957,Бугульма,23,2,2,4,2,10,
958,Буинск,23,2,2,6,2,12,
959,Верхний Услон,23,2,2,6,2,12,
960,Высокая Гора,23,2,2,6,2,12,
961,Старое Дрожжаное,23,2,2,6,2,12,
962,Елабуга,23,2,2,7,2,13,
963,Заинск,23,2,2,7,2,13,
964,Зеленодольск,23,2,2,4,2,10,
965,Большие Кайбицы,23,2,2,6,2,12,
966,Камское Устье,23,2,2,6,2,12,
967,Кукмор,23,2,2,6,2,12,
968,Лаишево,23,2,2,6,2,12,
969,Лениногорск,23,2,2,7,2,13,
970,Мамадыш,23,2,2,7,2,13,
971,Менделеевск,23,2,2,7,2,13,
972,Мензелинск,23,2,2,7,2,13,
973,Муслюмово,23,2,2,7,2,13,
974,Нижнекамск,23,2,2,5,2,11,
975,Новошешминск,23,2,2,7,2,13,
976,Нурлат,23,2,2,7,2,13,
977,Пестрецы,23,2,2,6,2,12,
978,Рыбная Слобода,23,2,2,6,2,12,
979,Богатые Сабы,23,2,2,6,2,12,
980,Сарманово,23,2,2,7,2,13,
981,Болгар,23,2,2,6,2,12,
982,Тетюши,23,2,2,6,2,12,
983,Набережные Челны,23,2,2,3,2,9,
984,Тюлячи,23,2,2,6,2,12,
985,Черемшан,23,2,2,7,2,13,
986,Чистополь,23,2,2,6,2,12,
987,Уруссу,23,2,2,7,2,13,
988,Ардатов,41,2,2,6,2,12,
989,Арзамас,41,2,2,4,2,10,
990,Балахна,41,2,2,6,2,12,
991,Богородск,41,2,2,6,2,12,
992,Большое Болдино,41,2,2,6,2,12,
993,Большое Мурашкино,41,2,2,6,2,12,
994,Бутурлино,41,2,2,6,2,12,
995,Вад,41,2,2,6,2,12,
996,Варнавино,41,2,2,6,2,12,
997,Вача,41,2,2,6,2,12,
998,Ветлуга,41,2,2,6,2,12,
999,Вознесенское,41,2,2,6,2,12,
1000,Володарск,41,2,2,4,2,10,
1001,Воротынец,41,2,2,6,2,12,
1002,Воскресенское,41,2,2,6,2,12,
1003,Выкса,41,2,2,6,2,12,
1004,Гагино,41,2,2,6,2,12,
1005,Городец,41,2,2,6,2,12,
1006,Дальнее Константиново,41,2,2,4,2,10,
1007,Дивеево,41,2,2,6,2,12,
1008,Княгинино,41,2,2,6,2,12,
1009,Ковернино,41,2,2,6,2,12,
1010,Красные Баки,41,2,2,6,2,12,
1011,Уразовка,41,2,2,6,2,12,
1012,Кстово,41,2,2,6,2,12,
1013,Кулебаки,41,2,2,6,2,12,
1014,Лукоянов,41,2,2,6,2,12,
1015,Лысково,41,2,2,6,2,12,
1016,Навашинов,41,2,2,6,2,12,
1017,Павлово,41,2,2,6,2,12,
1018,Первомайск,41,2,2,6,2,12,
1019,Перевоз,41,2,2,6,2,12,
1020,Пильна,41,2,2,6,2,12,
1021,Починки,41,2,2,6,2,12,
1022,Семенов,41,2,2,6,2,12,
1023,Сергач,41,2,2,6,2,12,
1024,Сеченово,41,2,2,6,2,12,
1025,Сокольское,41,2,2,6,2,12,
1026,Сосновское,41,2,2,6,2,12,
1027,Спасское,41,2,2,6,2,12,
1028,Тонкино,41,2,2,6,2,12,
1029,Тоншаево,41,2,2,6,2,12,
1030,Урень,41,2,2,6,2,12,
1031,Чкаловск,41,2,2,6,2,12,
1032,Шаранга,41,2,2,6,2,12,
1033,Шатки,41,2,2,6,2,12,
1034,Шахунья,41,2,2,6,2,12,
1035,Бор,41,2,2,6,2,12,
1036,Дзержинск,41,2,2,6,2,12,
1037,Заволжье,41,2,2,6,2,12,
1038,Саров,41,2,2,6,2,12,
1039,Башмаково,46,2,3,7,3,13,
1040,Беково,46,2,3,7,3,13,
1041,Белинский,46,2,3,7,3,13,
1042,Бессоновка,46,2,3,7,3,13,
1043,Вадинск,46,2,3,7,3,13,
1044,Городище,46,2,3,7,3,13,
1045,Заметчино,46,2,3,7,3,13,
1046,Исса,46,2,3,7,3,13,
1047,Каменка,46,2,3,7,3,13,
1048,Русский Камешкир,46,2,3,7,3,13,
1049,Колышлей,46,2,3,7,3,13,
1050,Кузнецк,46,2,3,7,3,13,
1051,Лопатино,46,2,3,7,3,13,
1052,Лунино,46,2,3,7,3,13,
1053,Малая Сердоба,46,2,3,7,3,13,
1054,Мокшан,46,2,3,7,3,13,
1055,Наровчат,46,2,3,7,3,13,
1056,Неверкино,46,2,3,7,3,13,
1057,Нижний Ломов,46,2,3,7,3,13,
1058,Никольск,46,2,3,7,3,13,
1059,Пачелма,46,2,3,7,3,13,
1060,Кондоль,46,2,3,7,3,13,
1061,Сердобск,46,2,3,7,3,13,
1062,Сосновоборск,46,2,3,7,3,13,
1063,Спасск,46,2,3,7,3,13,
1064,Тамала,46,2,3,7,3,13,
1065,Шемышейка,46,2,3,7,3,13,
1066,Алексеевка,54,2,2,6,2,12,
1067,Безенчук,54,2,2,6,2,12,
1068,Богатое,54,2,2,6,2,12,
1069,Большая Глушица,54,2,2,6,2,12,
1070,Большая Черниговка,54,2,2,6,2,12,
1071,Борское,54,2,2,6,2,12,
1072,Самара,54,2,2,7,2,13,
1073,Елховка,54,2,2,6,2,12,
1074,Исаклы,54,2,2,6,2,12,
1075,Камышла,54,2,2,6,2,12,
1076,Кинель,54,2,2,6,2,12,
1077,Кинель-Черкассы,54,2,2,6,2,12,
1078,Клявлино,54,2,2,6,2,12,
1079,Кошки,54,2,2,6,2,12,
1080,Красноармейское,54,2,2,6,2,12,
1081,Красный Яр,54,2,2,6,2,12,
1082,Нефтегорск,54,2,2,6,2,12,
1083,Пестравка,54,2,2,6,2,12,
1084,Похвистнево,54,2,2,6,2,12,
1085,Приволжье,54,2,2,6,2,12,
1086,Сергиевск,54,2,2,6,2,12,
1087,Тольятти,54,2,2,3,2,9,
1088,Сызрань,54,2,3,5,3,11,
1089,Хворостянка,54,2,2,6,2,12,
1090,Челно-Вершины,54,2,2,6,2,12,
1091,Шентала,54,2,2,6,2,12,
1092,Шигоны,54,2,3,6,3,12,
1093,Отрадный,54,2,2,6,2,12,
1094,Жигулевск,54,2,3,6,3,12,
1095,Новокуйбышевск,54,2,2,6,2,12,
1096,Октябрьск,54,2,3,6,3,12,
1097,Чапаевск,54,2,2,4,2,10,
1098,Волжский Утес,54,2,3,6,3,12,
1099,Ардатов,56,2,3,7,3,13,
1100,Атюрьево,56,2,3,7,3,13,
1101,Атяшево,56,2,3,7,3,13,
1102,Большие Березники,56,2,3,7,3,13,
1103,Большое Игнатово,56,2,3,7,3,13,
1104,Дубенки,56,2,3,7,3,13,
1105,Ельники,56,2,3,7,3,13,
1106,Зубова Поляна,56,2,3,7,3,13,
1107,Инсар,56,2,3,7,3,13,
1108,Кемля,56,2,3,7,3,13,
1109,Кадошкино,56,2,3,7,3,13,
1110,Ковылкино,56,2,3,7,3,13,
1111,Кочкурово,56,2,3,7,3,13,
1112,Краснослободск,56,2,3,7,3,13,
1113,Лямбирь,56,2,3,7,3,13,
1114,Рузаевка,56,2,3,7,3,13,
1115,Ромоданово,56,2,3,7,3,13,
1116,Старое Шайгово,56,2,3,7,3,13,
1117,Темников,56,2,3,7,3,13,
1118,Теньгушево,56,2,3,7,3,13,
1119,Торбеево,56,2,3,7,3,13,
1120,Чамзинка,56,2,3,7,3,13,
1121,Явас,56,2,3,7,3,13,
1122,Потьма,56,2,3,7,3,13,
1123,Ударный,56,2,3,7,3,13,
1124,Молочница,56,2,3,7,3,13,
1125,Комсомольский,56,2,3,7,3,13,
1126,Озерный,56,2,3,7,3,13,
1127,Барашево,56,2,3,7,3,13,
1128,Парца,56,2,3,7,3,13,
1129,Лесной,56,2,3,7,3,13,
1130,Леплей,56,2,3,7,3,13,
1131,Сосновка,56,2,3,7,3,13,
1132,Атемар,56,2,3,7,3,13,
1133,Пайгарма,56,2,3,7,3,13,
1134,Александров Гай,57,2,2,10,2,16,
1135,Аркадак,57,2,2,6,2,12,
1136,Аткарск,57,2,2,6,2,12,
1137,Базарный Карабулак,57,2,2,6,2,12,
1138,Балаково,57,2,2,8,2,14,
1139,Балашов,57,2,2,6,2,12,
1140,Балтай,57,2,2,6,2,12,
1141,Вольск,57,2,2,6,2,12,
1142,Воскресенское,57,2,2,6,2,12,
1143,Дергачи,57,2,2,8,2,14,
1144,Духовницкое,57,2,2,15,2,21,
1145,Екатериновка,57,2,2,6,2,12,
1146,Ершов,57,2,2,8,2,14,
1147,Ивантеевка,57,2,2,15,2,21,
1148,Калининск,57,2,2,6,2,12,
1149,Красноармейск,57,2,2,6,2,12,
1150,Красный Кут,57,2,2,6,2,12,
1151,Горный,57,2,2,15,2,21,
1152,Лысые Горы,57,2,2,6,2,12,
1153,Маркс,57,2,2,6,2,12,
1154,Новые Бурассы,57,2,2,6,2,12,
1155,Новоузенск,57,2,2,10,2,16,
1156,Озинки,57,2,2,8,2,14,
1157,Перелюб,57,2,2,15,2,21,
1158,Петровск,57,2,2,6,2,12,
1159,Питерка,57,2,2,10,2,16,
1160,Пугачёв,57,2,2,10,2,16,
1161,Ровное,57,2,2,10,2,16,
1162,Романовка,57,2,2,6,2,12,
1163,Ртищево,57,2,2,6,2,12,
1164,Самойловка,57,2,2,6,2,12,
1165,Саратов,57,2,2,3,2,9,
1166,Степное,57,2,2,10,2,16,
1167,Татищево,57,2,2,6,2,12,
1168,Турки,57,2,2,8,2,14,
1169,Мокроус,57,2,2,8,2,14,
1170,Хвалынск,57,2,2,8,2,14,
1171,Энгельс,57,2,2,6,2,12,
1172,Шиханы,57,2,2,6,2,12,
1173,Базарный Сызган,67,2,3,7,3,13,
1174,Барыш,67,2,3,7,3,13,
1175,Вешкайма,67,2,3,7,3,13,
1176,Инза,67,2,3,7,3,13,
1177,Карсун,67,2,3,7,3,13,
1178,Кузоватово,67,2,3,7,3,13,
1179,Майна,67,2,3,7,3,13,
1180,Димитровград,67,2,3,5,3,11,
1181,Николаевка,67,2,3,7,3,13,
1182,Новая Малыкла,67,2,3,7,3,13,
1183,Новоспасское,67,2,3,7,3,13,
1184,Павловка,67,2,3,7,3,13,
1185,Радищево,67,2,3,7,3,13,
1186,Сенгилей,67,2,3,7,3,13,
1187,Старая Кулатка,67,2,3,7,3,13,
1188,Старая Майна,67,2,3,7,3,13,
1189,Сурское,67,2,3,7,3,13,
1190,Тереньга,67,2,3,7,3,13,
1191,Ишеевка,67,2,3,7,3,13,
1192,Большое Нагаткино,67,2,3,7,3,13,
1193,Чердаклы,67,2,3,5,3,11,
1194,Новоульяновск,67,2,3,7,3,13,
1195,Алатырь,71,2,2,6,2,12,
1196,Аликово,71,2,2,6,2,12,
1197,Батырево,71,2,2,6,2,12,
1198,Вурнары,71,2,2,6,2,12,
1199,Ибреси,71,2,2,6,2,12,
1200,Канаш,71,2,2,6,2,12,
1201,Козловка,71,2,2,6,2,12,
1202,Комсомольское,71,2,2,6,2,12,
1203,Красноармейское,71,2,2,6,2,12,
1204,Красные Четаи,71,2,2,6,2,12,
1205,Мариинский Посад,71,2,2,3,2,9,
1206,Моргауши,71,2,2,6,2,12,
1207,Порецкое,71,2,2,6,2,12,
1208,Урмары,71,2,2,6,2,12,
1209,Цивильск,71,2,2,6,2,12,
1210,Кугеси,71,2,2,6,2,12,
1211,Шемурша,71,2,2,6,2,12,
1212,Шумерля,71,2,2,6,2,12,
1213,Ядрин,71,2,2,6,2,12,
1214,Яльчики,71,2,2,6,2,12,
1215,Янтиково,71,2,2,6,2,12,
1216,Новочебоксарск,71,2,2,7,2,13,
1217,Байкалово,18,3,2,10,2,16,
1218,Камышлов,18,3,2,6,2,12,
1219,Нижнии Серги,18,3,2,6,2,12,
1220,Туринская Слобода,18,3,2,10,2,16,
1221,Таборы,18,3,2,10,2,16,
1222,Тавда,18,3,2,6,2,12,
1223,Алапаевск,18,3,2,6,2,12,
1224,Арамиль,18,3,2,6,2,12,
1225,Артемовский,18,3,2,6,2,12,
1226,Арти,18,3,2,6,2,12,
1227,Асбест,18,3,2,6,2,12,
1228,Ачит,18,3,2,6,2,12,
1229,Белоярский,18,3,2,6,2,12,
1230,Бисерть,18,3,2,6,2,12,
1231,Богданович,18,3,2,6,2,12,
1232,Березовский,18,3,2,6,2,12,
1233,Верхняя Пышма,18,3,2,6,2,12,
1234,Верхняя Тура,18,3,2,6,2,12,
1235,Верхотурье,18,3,2,6,2,12,
1236,Ивдель,18,3,2,6,2,12,
1237,Ирбит,18,3,2,6,2,12,
1238,Каменск-Уральский,18,3,2,4,2,10,
1239,Карпинск,18,3,2,6,2,12,
1240,Качканар,18,3,2,6,2,12,
1241,Кировоград,18,3,2,6,2,12,
1242,Краснотуринск,18,3,2,6,2,12,
1243,Красноуральск,18,3,2,6,2,12,
1244,Красноуфимск,18,3,2,6,2,12,
1245,Кушва,18,3,2,6,2,12,
1246,Невьянск,18,3,2,6,2,12,
1247,Нижний Тагил,18,3,2,6,2,12,
1248,Нижняя Тура,18,3,2,6,2,12,
1249,Новая Ляля,18,3,2,6,2,12,
1250,Первоуральск,18,3,2,6,2,12,
1251,Полевской,18,3,2,6,2,12,
1252,Пышма,18,3,2,6,2,12,
1253,Ревда,18,3,2,6,2,12,
1254,Реж,18,3,2,6,2,12,
1255,Североуральск,18,3,2,6,2,12,
1256,Серов,18,3,2,4,2,10,
1257,Нижняя Салда,18,3,2,6,2,12,
1258,Сухой Лог,18,3,2,6,2,12,
1259,Сысерть,18,3,2,6,2,12,
1260,Заречный,18,3,2,6,2,12,
1261,ЗАТО п. Уральский,18,3,2,4,2,10,
1262,Дегтярск,18,3,2,6,2,12,
1263,Гари,18,3,2,6,2,12,
1264,Верхний Тагил,18,3,2,6,2,12,
1265,Верхняя Салда,18,3,2,6,2,12,
1266,Староуткинск,18,3,2,6,2,12,
1267,Туринск,18,3,2,6,2,12,
1268,Талица,18,3,2,6,2,12,
1269,Тугулым,18,3,2,6,2,12,
1270,Шаля,18,3,2,6,2,12,
1271,Новоуральск,18,3,2,6,2,12,
1272,Алнаши,20,2,2,6,2,12,
1273,Балезино,20,2,2,6,2,12,
1274,Вавож,20,2,2,6,2,12,
1275,Воткинск,20,2,2,6,2,12,
1276,Глазов,20,2,2,6,2,12,
1277,Грахово,20,2,2,6,2,12,
1278,Дебесы,20,2,2,6,2,12,
1279,Завьялово,20,2,2,6,2,12,
1280,Игра,20,2,2,6,2,12,
1281,Камбарка,20,2,2,6,2,12,
1282,Каракулино,20,2,2,6,2,12,
1283,Кез,20,2,2,6,2,12,
1284,Кизнер,20,2,2,6,2,12,
1285,Киясово,20,2,2,6,2,12,
1286,Красногорское,20,2,2,6,2,12,
1287,Малая Пурга,20,2,2,6,2,12,
1288,Можга,20,2,2,6,2,12,
1289,Сигаево,20,2,2,6,2,12,
1290,Селты,20,2,2,6,2,12,
1291,Сюмси,20,2,2,6,2,12,
1292,Ува,20,2,2,6,2,12,
1293,Шаркан,20,2,2,6,2,12,
1294,Юкаменское,20,2,2,6,2,12,
1295,Якшур-Бодья,20,2,2,6,2,12,
1296,Яр,20,2,2,6,2,12,
1297,Агрыз,20,2,2,7,2,13,
1298,Сарапул,20,2,2,5,2,11,
1299,Арбаж,27,2,3,21,3,28,
1300,Афанасьево,27,2,3,11,3,17,
1301,Белая Холуница,27,2,3,11,3,17,
1302,Богородское,27,2,3,11,3,17,
1303,Кирс,27,2,3,11,3,17,
1304,Верхошижемье,27,2,3,11,3,17,
1305,Вятские Поляны,27,2,3,7,3,13,
1306,Даровской,27,2,3,21,3,28,
1307,Зуевка,27,2,3,11,3,17,
1308,Кикнур,27,2,3,11,3,17,
1309,Кильмезь,27,2,3,11,3,17,
1310,Кирово-Чепецк,27,2,3,7,3,13,
1311,Котельнич,27,2,3,11,3,17,
1312,Кумены,27,2,3,11,3,17,
1313,Лебяжье,27,2,3,11,3,17,
1314,Луза,27,2,3,21,3,28,
1315,Малмыж,27,2,3,7,3,13,
1316,Мураши,27,2,3,11,3,17,
1317,Нагорск,27,2,3,11,3,17,
1318,Нема,27,2,3,11,3,17,
1319,Нолинск,27,2,3,7,3,13,
1320,Омутнинск,27,2,3,11,3,17,
1321,Опарино,27,2,3,11,3,17,
1322,Оричи,27,2,3,11,3,17,
1323,Орлов,27,2,3,11,3,17,
1324,Пижанка,27,2,3,11,3,17,
1325,Подосиновец,27,2,3,21,3,28,
1326,Санчурск,27,2,3,11,3,17,
1327,Свеча,27,2,3,21,3,28,
1328,Слободской,27,2,3,11,3,17,
1329,Советск,27,2,3,11,3,17,
1330,Суна,27,2,3,11,3,17,
1331,Тужа,27,2,3,21,3,28,
1332,Уни,27,2,3,11,3,17,
1333,Уржум,27,2,3,7,3,13,
1334,Фаленки,27,2,3,11,3,17,
1335,Ленинское,27,2,3,21,3,28,
1336,Юрья,27,2,3,11,3,17,
1337,Яранск,27,2,3,11,3,17,
1338,Альменево,31,2,3,11,3,17,
1339,Белозерское,31,2,3,11,3,17,
1340,Варгаши,31,2,3,11,3,17,
1341,Далматово,31,2,3,7,3,13,
1342,Звериноголовское,31,2,3,7,3,13,
1343,Каргаполье,31,2,3,7,3,13,
1344,Катайск,31,2,3,7,3,13,
1345,Кетово,31,2,3,7,3,13,
1346,Куртамыш,31,2,3,7,3,13,
1347,Лебяжье,31,2,3,11,3,17,
1348,Макушино,31,2,3,11,3,17,
1349,Мишкино,31,2,3,11,3,17,
1350,Мокроусово,31,2,3,21,3,28,
1351,Петухово,31,2,3,11,3,17,
1352,Половинное,31,2,3,7,3,13,
1353,Глядянское,31,2,3,7,3,13,
1354,Сафакулево,31,2,3,11,3,17,
1355,Целинное,31,2,3,7,3,13,
1356,Частоозерье,31,2,3,21,3,28,
1357,Шадринск,31,2,3,7,3,13,
1358,Шатрово,31,2,3,11,3,17,
1359,Шумиха,31,2,3,11,3,17,
1360,Щучье,31,2,3,11,3,17,
1361,Юргамыш,31,2,3,11,3,17,
1362,Иковка,31,2,3,11,3,17,
1363,Просвет,31,2,3,11,3,17,
1364,Абдулино,45,2,2,6,2,12,
1365,Адамовка,45,2,2,10,2,16,
1366,Акбулак,45,2,2,6,2,12,
1367,Александровка,45,2,2,6,2,12,
1368,Асекеево,45,2,2,10,2,16,
1369,Беляевка,45,2,2,6,2,12,
1370,Бугуруслан,45,2,2,10,2,16,
1371,Бузулук,45,2,2,6,2,12,
1372,Гай,45,2,2,10,2,16,
1373,Грачевка,45,2,2,10,2,16,
1374,Домбаровский,45,2,2,10,2,16,
1375,Илек,45,2,2,6,2,12,
1376,Кваркено,45,2,2,10,2,16,
1377,Плешаново,45,2,2,6,2,12,
1378,Кувандык,45,2,2,10,2,16,
1379,Курманаевка,45,2,2,10,2,16,
1380,Матвеевка,45,2,2,6,2,12,
1381,Новоорск,45,2,2,6,2,12,
1382,Новосергиевка,45,2,2,6,2,12,
1383,Октябрьское,45,2,2,6,2,12,
1384,Оренбург,45,2,2,3,2,9,
1385,Первомайский,45,2,2,10,2,16,
1386,Переволоцкий,45,2,2,6,2,12,
1387,Пономаревка,45,2,2,6,2,12,
1388,Сакмара,45,2,2,6,2,12,
1389,Саракташ,45,2,2,6,2,12,
1390,Светлый,45,2,2,10,2,16,
1391,Северное,45,2,2,10,2,16,
1392,Соль-Илецк,45,2,2,6,2,12,
1393,Сорочинск,45,2,2,6,2,12,
1394,Ташла,45,2,2,6,2,12,
1395,Тоцкое,45,2,2,10,2,16,
1396,Тюльган,45,2,2,6,2,12,
1397,Шарлык,45,2,2,6,2,12,
1398,Ясный,45,2,2,10,2,16,
1399,Медногорск,45,2,2,12,2,18,
1400,Новотроицк,45,2,2,12,2,18,
1401,Орск,45,2,2,7,2,13,
1402,Александровск,47,2,2,8,2,14,
1403,Барды,47,2,2,6,2,12,
1404,Берёзовка,47,2,2,6,2,12,
1405,Большая Соснова,47,2,2,6,2,12,
1406,Верещагино,47,2,2,6,2,12,
1407,Гайны,47,2,2,7,2,13,
1408,Горнозаводск,47,2,2,6,2,12,
1409,Гремячинск,47,2,2,6,2,12,
1410,Губаха,47,2,2,7,2,13,
1411,Добрянка,47,2,2,6,2,12,
1412,Елово,47,2,2,6,2,12,
1413,Ильинский ,47,2,2,6,2,12,
1414,Карагай,47,2,2,6,2,12,
1415,Кизел,47,2,2,6,2,12,
1416,Усть-Кишерть,47,2,2,6,2,12,
1417,Коса,47,2,2,7,2,13,
1418,Кочёво,47,2,2,7,2,13,
1419,Краснокамск,47,2,2,6,2,12,
1420,Красновишерск,47,2,2,7,2,13,
1421,Кудымкар,47,2,2,6,2,12,
1422,Куеда,47,2,2,6,2,12,
1423,Кунгур,47,2,2,6,2,12,
1424,Лысьва,47,2,2,6,2,12,
1425,Нытва,47,2,2,6,2,12,
1426,Октябрьский ,47,2,2,6,2,12,
1427,Орда,47,2,2,6,2,12,
1428,Оса,47,2,2,6,2,12,
1429,Оханск,47,2,2,6,2,12,
1430,Очёр,47,2,2,6,2,12,
1431,Пермь,47,2,2,3,2,9,
1432,Сива,47,2,2,6,2,12,
1433,Соликамск,47,2,2,4,2,10,
1434,Суксун,47,2,2,6,2,12,
1435,Уинское,47,2,2,6,2,12,
1436,Усолье,47,2,2,7,2,13,
1437,Чайковский ,47,2,2,6,2,12,
1438,Частые,47,2,2,6,2,12,
1439,Чердынь,47,2,2,7,2,13,
1440,Чернушка,47,2,2,6,2,12,
1441,Чусовой ,47,2,2,6,2,12,
1442,Юрла,47,2,2,7,2,13,
1443,Юсьва,47,2,2,7,2,13,
1445,Звездный,47,2,2,7,2,13,
1446,Красноселькуп,53,2,4,26,4,23,
1447,Надым,53,2,4,7,4,13,
1448,Тазовский,53,2,4,26,4,23,
1449,Тарко-Сале,53,2,4,7,4,13,
1450,Губкинский,53,2,4,7,4,13,
1451,Лабытнанги,53,2,4,7,4,13,
1452,Ноябрьск,53,2,4,7,4,13,
1453,Новый Уренгой,53,2,4,7,4,13,
1454,Вуктыл,60,2,2,20,2,27,
1455,Ижма,60,2,2,20,2,27,
1456,Емва,60,2,2,6,2,12,
1457,Койгородок,60,2,2,6,2,12,
1458,Корткерос,60,2,2,20,2,27,
1459,Печора,60,2,2,20,2,27,
1460,Объячево,60,2,2,6,2,12,
1461,Сосногорск,60,2,2,7,2,13,
1462,Выльгорт,60,2,2,6,2,12,
1463,Визинга,60,2,2,6,2,12,
1464,Троицко-Печорск,60,2,2,20,2,27,
1465,Кослан,60,2,2,10,2,16,
1466,Айкино,60,2,2,6,2,12,
1467,Усть-Кулом,60,2,2,20,2,27,
1468,Усть-Цильма,60,2,2,20,2,27,
1469,Воркута,60,2,2,10,2,16,
1470,Инта,60,2,2,10,2,16,
1471,Усинск,60,2,2,10,2,16,
1472,Ухта,60,2,2,10,2,16,
1473,Микунь,60,2,2,7,2,13,
1474,Абатский,65,2,3,6,3,12,
1475,Армизонское,65,2,3,7,3,13,
1476,Аромашево,65,2,2,6,2,12,
1477,Бердюжье,65,2,3,7,3,13,
1478,Вагай,65,2,3,11,3,17,
1479,Викулово,65,2,3,7,3,13,
1480,Голышманово,65,2,2,6,2,12,
1481,Заводоуковск,65,2,2,5,2,11,
1482,Исетское,65,2,2,6,2,12,
1483,Ишим,65,2,3,6,3,12,
1484,Казанское,65,2,3,7,3,13,
1485,Нижняя Тавда,65,2,3,7,3,13,
1486,Омутинский ,65,2,2,5,2,11,
1487,Сладково,65,2,4,7,4,13,
1488,Большое Сорокино,65,2,3,6,3,12,
1489,Тобольск,65,2,3,5,3,11,
1490,Тюмень,65,2,2,3,2,9,
1491,Уват,65,2,3,11,3,17,
1492,Упорово,65,2,2,6,2,12,
1493,Юргинское,65,2,3,7,3,13,
1494,Ялуторовский ,65,2,2,5,2,11,
1495,Ярково,65,2,2,7,2,13,
1496,Аскарово,68,2,2,10,2,16,
1497,Раевский,68,2,2,6,2,12,
1498,Архангельское,68,2,2,6,2,12,
1499,Аскино,68,2,2,10,2,16,
1500,Толбазы,68,2,2,6,2,12,
1501,Баймак,68,2,2,10,2,16,
1502,Бакалы,68,2,2,10,2,16,
1503,Старобалтачево,68,2,2,10,2,16,
1504,Белебей,68,2,2,6,2,12,
1505,Новобелокатай,68,2,2,10,2,16,
1506,Белорецк,68,2,2,10,2,16,
1507,Бижбуляк,68,2,2,10,2,16,
1508,Бирск,68,2,2,10,2,16,
1509,Языково,68,2,2,6,2,12,
1510,Благовещенск,68,2,2,4,2,10,
1511,Буздяк,68,2,2,6,2,12,
1512,Бураево,68,2,2,10,2,16,
1513,Старосубхангулово,68,2,2,10,2,16,
1514,Красноусольский,68,2,2,10,2,16,
1515,Давлеканово,68,2,2,6,2,12,
1516,Месягутово,68,2,2,10,2,16,
1517,Дюртюли,68,2,2,4,2,10,
1518,Ермекеево,68,2,2,10,2,16,
1519,Исянгулово,68,2,2,10,2,16,
1520,Зилаир,68,2,2,10,2,16,
1521,Иглино,68,2,2,10,2,16,
1522,Верхнеяркеево,68,2,2,6,2,12,
1523,Ишимбай,68,2,2,6,2,12,
1524,Калтасы,68,2,2,10,2,16,
1525,Караидель,68,2,2,10,2,16,
1526,Кармаскалы,68,2,2,6,2,12,
1527,Верхние Киги,68,2,2,10,2,16,
1528,Николо-Березовка,68,2,2,10,2,16,
1529,Юмагузино,68,2,2,10,2,16,
1530,Кушнаренково,68,2,2,6,2,12,
1531,Ермолаево,68,2,2,6,2,12,
1532,Мелеуз,68,2,2,4,2,10,
1533,Большеустьикинское,68,2,2,10,2,16,
1534,Мишкино,68,2,2,10,2,16,
1535,Киргиз-Мияки,68,2,2,10,2,16,
1536,Красная Горка,68,2,2,10,2,16,
1537,Малояз,68,2,2,10,2,16,
1538,Стерлибашево,68,2,2,10,2,16,
1539,Стерлитамак,68,2,2,4,2,10,
1540,Верхние Татышлы,68,2,2,10,2,16,
1541,Туймазы,68,2,2,10,2,16,
1542,Уфа,68,2,2,3,2,9,
1543,Учалы,68,2,2,10,2,16,
1544,Федоровка,68,2,2,10,2,16,
1545,Акъяр,68,2,2,10,2,16,
1546,Чекмагуш,68,2,2,6,2,12,
1547,Чишмы,68,2,2,6,2,12,
1548,Шаран,68,2,2,10,2,16,
1549,Янаул,68,2,2,10,2,16,
1550,Кумертау,68,2,2,3,2,9,
1551,Мраково,68,2,2,10,2,16,
1552,Агидель,68,2,2,10,2,16,
1553,Сибай,68,2,2,10,2,16,
1554,Агаповка,72,2,2,4,2,10,
1555,Аргаяш,72,2,2,6,2,12,
1556,Аша,72,2,2,7,2,13,
1557,Бреды,72,2,2,7,2,13,
1558,Варна,72,2,2,7,2,13,
1559,Верхнеуральск,72,2,2,7,2,13,
1560,Еманжелинск,72,2,2,6,2,12,
1561,Еткуль,72,2,2,6,2,12,
1562,Карталы,72,2,2,7,2,13,
1563,Касли,72,2,2,6,2,12,
1564,Катав-Ивановск,72,2,2,7,2,13,
1565,Кизильское,72,2,2,7,2,13,
1566,Коркино,72,2,2,7,2,13,
1567,Миасское,72,2,2,4,2,10,
1568,Кунашак,72,2,2,6,2,12,
1569,Куса,72,2,2,10,2,16,
1570,Фершампенуаз,72,2,2,7,2,13,
1571,Нязепетровск,72,2,2,6,2,12,
1572,Октябрьское,72,2,2,6,2,12,
1573,Пласт,72,2,2,6,2,12,
1574,Сатка,72,2,2,7,2,13,
1575,Долгодеревенское,72,2,2,4,2,10,
1576,Троицк,72,2,2,3,2,9,
1577,Увельский ,72,2,2,7,2,13,
1578,Уйское,72,2,2,7,2,13,
1579,Чебаркуль,72,2,2,3,2,9,
1580,Чесма,72,2,2,7,2,13,
1581,Бакал,72,2,2,10,2,16,
1582,Верхний Уфалей,72,2,2,7,2,13,
1583,Златоуст,72,2,2,6,2,12,
1584,Карабаш,72,2,2,7,2,13,
1585,Копейск,72,2,2,6,2,12,
1586,Кыштым,72,2,2,7,2,13,
1587,Магнитогорск,72,2,2,6,2,12,
1588,Миасс,72,2,2,6,2,12,
1589,Миньяр,72,2,2,10,2,16,
1590,Сим,72,2,2,10,2,16,
1591,Усть-Катав,72,2,2,10,2,16,
1592,Южноуральск,72,2,2,6,2,12,
1593,Юрюзань,72,2,2,10,2,16,
1594,Озерск,72,2,2,6,2,12,
1595,Белоярский,70,2,3,7,3,13,
1596,Березово,70,2,3,11,3,17,
1597,Нефтеюганск,70,2,3,5,3,11,
1598,Нижневартовск,70,2,3,5,3,11,
1599,Советский,70,2,3,7,3,13,
1600,Сургут,70,2,3,7,3,13,
1601,Когалым,70,2,3,6,3,12,
1602,Лангепас,70,2,3,7,3,13,
1603,Мегион,70,2,5,7,5,13,
1604,Междуреченский,70,2,3,7,3,13,
1605,Нягань,70,2,3,6,3,12,
1606,Радужный,70,2,3,9,3,15,
1607,Урай,70,2,3,7,3,13,
1608,Белый Яр,1,2,4,12,4,18,
1609,Аскиз,1,2,4,12,4,18,
1610,Бея,1,2,4,12,4,18,
1611,Боград,1,2,4,12,4,18,
1612,Копьево,1,2,4,12,4,18,
1613,Таштып,1,2,4,12,4,18,
1614,Усть-Абакан,1,2,4,12,4,18,
1615,Шира,1,2,4,12,4,18,
1616,Саяногорск,1,2,4,12,4,18,
1617,Черногорск,1,2,4,12,4,18,
1618,Абаза,1,2,4,12,4,18,
1619,Алейск,5,2,2,4,2,10,
1620,Алтайское,5,2,2,7,2,13,
1621,Баево,5,2,2,7,2,13,
1622,Бийск,5,2,2,3,2,9,
1623,Благовещенка,5,2,2,6,2,12,
1624,Бурла,5,2,2,6,2,12,
1625,Быстрый Исток,5,2,2,6,2,12,
1626,Волчиха,5,2,2,7,2,13,
1627,новоегорьевское,5,2,2,7,2,13,
1628,Ельцовка,5,2,2,7,2,13,
1629,Завьялово,5,2,2,5,2,11,
1630,Залесово,5,2,2,7,2,13,
1631,Заринск,5,2,2,4,2,10,
1632,Змеиногорск,5,2,2,6,2,12,
1633,Зональное,5,2,2,7,2,13,
1634,Калманка,5,2,2,7,2,13,
1635,Камень на Оби,5,2,2,4,2,10,
1636,Ключи,5,2,2,7,2,13,
1637,Косиха,5,2,2,6,2,12,
1638,Красногорское,5,2,2,6,2,12,
1639,Краснощеково,5,2,2,6,2,12,
1640,Крутиха,5,2,2,6,2,12,
1641,Кулунда,5,2,2,4,2,10,
1642,Курья,5,2,2,6,2,12,
1643,Кытманово,5,2,2,7,2,13,
1644,Горняк,5,2,2,6,2,12,
1645,Мамонтово,5,2,2,4,2,10,
1646,Михайловское,5,2,2,7,2,13,
1647,Гальбштадт,5,2,2,7,2,13,
1648,Новичиха,5,2,2,7,2,13,
1649,Павловск,5,2,2,4,2,10,
1650,Панкрушиха,5,2,2,7,2,13,
1651,Новоалтайск,5,2,2,3,2,9,
1652,Петропавловское,5,2,2,7,2,13,
1653,Поспелиха,5,2,2,4,2,10,
1654,Ребриха,5,2,2,4,2,10,
1655,Родино,5,2,2,7,2,13,
1656,Романово,5,2,2,7,2,13,
1657,Рубцовск,5,2,2,4,2,10,
1658,Славгород,5,2,2,5,2,11,
1659,Смоленское,5,2,2,7,2,13,
1660,Советское,5,2,2,7,2,13,
1661,Солонешное,5,2,2,6,2,12,
1662,Солтон,5,2,2,7,2,13,
1663,Верх-Суетка,5,2,2,7,2,13,
1664,Табуны,5,2,2,7,2,13,
1665,Тальменка,5,2,2,4,2,10,
1666,Тогул,5,2,2,7,2,13,
1667,Топчиха,5,2,2,4,2,10,
1668,Староалейское,5,2,2,6,2,12,
1669,Троицкое,5,2,2,5,2,11,
1670,Тюменцево,5,2,2,6,2,12,
1671,Угловское,5,2,2,7,2,13,
1672,Усть-Калманка,5,2,2,7,2,13,
1673,Усть-Чарышская Пристань,5,2,2,7,2,13,
1674,Хабары,5,2,2,7,2,13,
1675,Целинное,5,2,2,7,2,13,
1676,Чарышское,5,2,2,7,2,13,
1677,Шелаболиха,5,2,2,7,2,13,
1678,Шипуново,5,2,2,4,2,10,
1679,Белокуриха,5,2,2,7,2,13,
1680,Яровое,5,2,2,4,2,10,
1681,Кош-Агач,17,2,4,7,4,13,
1682,Майма,17,2,4,5,4,11,
1683,Онгудай,17,2,4,7,4,13,
1684,Турочак,17,2,4,7,4,13,
1685,Улаган,17,2,4,7,4,13,
1686,Усть-Кан,17,2,4,7,4,13,
1687,Усть-Кокса,17,2,4,7,4,13,
1688,Шебалино,17,2,4,7,4,13,
1689,Чемал,17,2,4,7,4,13,
1690,Чоя,17,2,4,7,4,13,
1691,Акташ,17,2,4,9,4,15,
1692,Кутулик,21,2,2,7,2,13,
1693,Ангарск,21,2,2,3,2,9,
1694,Балаганск,21,2,2,11,2,17,
1695,Баяндай,21,2,2,7,2,13,
1696,Бодайбо,21,2,2,4,2,10,
1697,Бохан,21,2,2,7,2,13,
1698,Братск,21,2,2,4,2,10,
1699,Жигалово,21,2,2,7,2,13,
1700,Залари,21,2,2,11,2,17,
1701,Зима,21,2,2,7,2,13,
1702,Иркутск,21,2,2,3,2,9,
1703,Казачинское,21,2,2,15,2,21,
1704,Ербогачен,21,2,2,20,2,27,
1705,Качуг,21,2,2,7,2,13,
1706,Киренск,21,2,2,6,2,12,
1707,Куйтун,21,2,2,11,2,17,
1708,Мама,21,2,2,7,2,13,
1709,Железногорск-Илимский,21,2,2,7,2,13,
1710,Нижнеудинск,21,2,2,7,2,13,
1711,Еланцы,21,2,2,7,2,13,
1712,Оса,21,2,2,7,2,13,
1713,Слюдянка,21,2,2,7,2,13,
1714,Тайшет,21,2,2,7,2,13,
1715,Тулун,21,2,2,7,2,13,
1716,Усолье-Сибирское,21,2,2,3,2,9,
1717,Усть-Илимск,21,2,2,7,2,13,
1718,Усть-Кут,21,2,2,4,2,10,
1719,Усть-Уда,21,2,2,7,2,13,
1720,Черемхово,21,2,2,7,2,13,
1721,Чунский,21,2,2,7,2,13,
1722,Шелехов,21,2,2,3,2,9,
1723,Усть-Ордынский,21,2,2,4,2,10,
1724,Саянск,21,2,2,7,2,13,
1725,Вихоревка,21,2,2,7,2,13,
1726,Нукуты,21,2,2,7,2,13,
1727,Свирск,21,2,2,7,2,13,
1728,Базой,21,2,2,7,2,13,
1729,Заречье,21,2,2,7,2,13,
1730,Байкальск,21,2,2,20,2,27,
1731,Алзамай,21,2,2,20,2,27,
1732,Белово,26,2,2,3,2,9,
1733,Гурьевск,26,2,2,3,2,9,
1734,Ижморский,26,2,2,6,2,12,
1735,Кемерово,26,2,2,3,2,9,
1736,Крапивинский,26,2,2,6,2,12,
1737,Ленинск-Кузнецкий,26,2,2,3,2,9,
1738,Мариинск,26,2,2,6,2,12,
1739,Новокузнецк,26,2,2,3,2,9,
1740,Прокопьевск,26,2,2,3,2,9,
1741,Промышленная,26,2,2,3,2,9,
1742,Таштагол,26,2,2,7,2,13,
1743,Тисуль,26,2,2,20,2,27,
1744,Топки,26,2,2,6,2,12,
1745,Тяжинский,26,2,2,6,2,12,
1746,Верх-Чебула,26,2,2,6,2,12,
1747,Юрга,26,2,2,6,2,12,
1748,Яя,26,2,2,6,2,12,
1749,Яшкино,26,2,2,6,2,12,
1750,Анжеро-Судженск,26,2,2,7,2,13,
1751,Березовский,26,2,2,7,2,13,
1752,Калтан,26,2,2,12,2,18,
1753,Киселевск,26,2,2,7,2,13,
1754,Междуреченск,26,2,2,7,2,13,
1755,Мыски,26,2,2,7,2,13,
1756,Осинники,26,2,2,7,2,13,
1757,Тайга,26,2,2,7,2,13,
1758,Салаир,26,2,2,7,2,13,
1759,Полысаево,26,2,2,7,2,13,
1760,Абан,30,2,2,10,2,16,
1761,Ачинск,30,2,2,4,2,10,
1762,Балахта,30,2,2,4,2,10,
1763,Берёзовка,30,2,2,7,2,13,
1764,Новобирилюссы,30,2,2,13,2,19,
1765,Боготол,30,2,2,13,2,19,
1766,Богучаны,30,2,2,4,2,10,
1767,Большая Мурта,30,2,2,11,2,17,
1768,Большой Улуй,30,2,2,12,2,9,
1769,Дзержинское,30,2,2,6,2,12,
1770,Емельяново,30,2,2,6,2,12,
1771,Енисейск,30,2,2,6,2,12,
1772,Ермаковское,30,2,2,7,2,13,
1773,Идринское,30,2,2,12,2,18,
1774,Иланский ,30,2,2,7,2,13,
1775,Ирбейское,30,2,2,12,2,18,
1776,Казачинское,30,2,2,11,2,17,
1777,Канск,30,2,2,6,2,12,
1778,Каратузское,30,2,2,12,2,18,
1779,Кодинск,30,2,2,6,2,12,
1780,Козулька,30,2,2,7,2,13,
1781,Краснотуранск,30,2,2,12,2,18,
1782,Курагино,30,2,2,12,2,18,
1783,Шалинское,30,2,2,11,2,17,
1784,Минусинск,30,2,2,3,2,9,
1785,Мотыгино,30,2,2,7,2,13,
1786,Назарово,30,2,2,10,2,16,
1787,Нижний Ингаш,30,2,2,10,2,16,
1788,Новосёлово,30,2,2,7,2,13,
1789,Партизанское,30,2,2,15,2,21,
1790,Пировское,30,2,2,11,2,17,
1791,Заозерный,30,2,2,10,2,16,
1792,Агинское,30,2,2,15,2,21,
1793,Северо-Енисейский ,30,2,2,6,2,12,
1794,Сухобузимское,30,2,2,11,2,17,
1795,Дудинка,30,2,2,6,2,12,
1796,Тасеево,30,2,2,10,2,16,
1797,Туруханск,30,2,2,7,2,13,
1798,Тюхтет,30,2,2,15,2,21,
1799,Ужур,30,2,2,10,2,16,
1800,Уяр,30,2,2,15,2,21,
1801,Шарыпово,30,2,2,8,2,14,
1802,Шушенское,30,2,2,10,2,16,
1803,Тура,30,2,2,12,2,18,
1804,Бородино,30,2,2,7,2,13,
1805,Дивногорск,30,2,2,7,2,13,
1806,Игарка,30,2,2,12,2,18,
1807,Лесосибирск,30,2,2,6,2,12,
1808,Норильск,30,2,2,6,2,12,
1809,Сосновоборск,30,2,2,7,2,13,
1810,Зеленогорск,30,2,2,7,2,13,
1811,Кедровый,30,2,2,7,2,13,
1812,Сорск,30,2,2,12,2,18,
1813,Арейское,30,2,2,7,2,13,
1814,Баган,42,2,2,22,2,29,
1815,Барабинск,42,2,2,3,2,9,
1816,Болотное,42,2,2,10,2,16,
1817,Венгерово,42,2,2,22,2,29,
1818,Довольное,42,2,2,20,2,27,
1819,Здвинск,42,2,2,22,2,29,
1820,Искитим,42,2,2,6,2,12,
1821,Карасук,42,2,2,10,2,16,
1822,Каргат,42,2,2,20,2,27,
1823,Колывань,42,2,2,7,2,13,
1824,Коченево,42,2,2,7,2,13,
1825,Кочки,42,2,2,10,2,16,
1826,Краснозерское,42,2,2,10,2,16,
1827,Куйбышев,42,2,2,6,2,12,
1828,Купино,42,2,2,22,2,29,
1829,Кыштовка,42,2,2,22,2,29,
1830,Маслянино,42,2,2,20,2,27,
1831,Мошково,42,2,2,10,2,16,
1832,Новосибирск,42,2,2,3,2,9,
1833,Ордынское,42,2,2,10,2,16,
1834,Северное,42,2,2,22,2,29,
1835,Сузун,42,2,2,20,2,27,
1836,Татарск,42,2,2,22,2,29,
1837,Тогучин,42,2,2,20,2,27,
1838,Убинское,42,2,2,22,2,29,
1839,Усть-Тарка,42,2,2,22,2,29,
1840,Чаны,42,2,2,22,2,29,
1841,Черепаново,42,2,2,20,2,27,
1842,Чистоозерное,42,2,2,22,2,29,
1843,Чулым,42,2,2,20,2,27,
1844,Бердск,42,2,2,5,2,11,
1845,Азово,43,2,2,10,2,16,
1846,Большие Уки,43,2,2,10,2,16,
1847,Горьковское,43,2,2,10,2,16,
1848,Знаменское,43,2,2,10,2,16,
1849,Исилькуль,43,2,2,10,2,16,
1850,Калачинск,43,2,2,10,2,16,
1851,Колосовка,43,2,2,10,2,16,
1852,Кормиловка,43,2,2,10,2,16,
1853,Крутинка,43,2,2,10,2,16,
1854,Любинский,43,2,2,10,2,16,
1855,Марьяновка,43,2,2,10,2,16,
1856,Москаленки,43,2,2,10,2,16,
1857,Муромцево,43,2,2,10,2,16,
1858,Называевск,43,2,2,10,2,16,
1859,Нижняя Омка,43,2,2,10,2,16,
1860,Нововаршавка,43,2,2,10,2,16,
1861,Одесское,43,2,2,10,2,16,
1862,Оконешниково,43,2,2,10,2,16,
1863,Ростовка,43,2,2,10,2,16,
1864,Павлоградка,43,2,2,10,2,16,
1865,Полтавка,43,2,2,10,2,16,
1866,Русская Поляна,43,2,2,10,2,16,
1867,Саргатское,43,2,2,10,2,16,
1868,Седельниково,43,2,2,10,2,16,
1869,Таврическое,43,2,2,10,2,16,
1870,Тара,43,2,2,10,2,16,
1871,Тевриз,43,2,2,10,2,16,
1872,Тюкалинск,43,2,2,10,2,16,
1873,Усть-Ишим,43,2,2,10,2,16,
1874,Черлак,43,2,2,10,2,16,
1875,Шербакуль,43,2,2,10,2,16,
1876,Большеречье,43,2,2,12,2,18,
1877,Александровское,63,2,2,8,2,14,
1878,Каргасок,63,2,2,3,2,9,
1879,Парабель,63,2,2,3,2,9,
1880,Колпашево,63,2,2,3,2,9,
1881,Подгорное,63,2,2,3,2,9,
1882,Молчаново,63,2,2,3,2,9,
1883,Кривошеино,63,2,2,3,2,9,
1884,Мельниково,63,2,2,3,2,9,
1885,Кожевниково,63,2,2,3,2,9,
1886,Томск,63,2,2,3,2,9,
1887,Асино,63,2,2,3,2,9,
1888,Первомайское,63,2,2,3,2,9,
1889,Белый Яр,63,2,2,3,2,9,
1890,Тегульдет,63,2,2,3,2,9,
1891,Зырянское,63,2,2,3,2,9,
1892,Бакчар,63,2,2,3,2,9,
1893,Северск,63,2,2,5,2,11,
1894,Стрежевой,63,2,2,5,2,11,
1895,Кедровый,63,2,2,5,2,11,
1896,Агинское,74,2,4,7,4,13,
1897,Акша,74,2,4,12,4,18,
1898,Александровский Завод,74,2,4,15,4,21,
1899,Балей,74,2,4,14,4,20,
1900,Борзя,74,2,4,6,4,12,
1901,Газимурский Завод,74,2,4,14,4,20,
1902,Дульдурга,74,2,4,12,4,18,
1903,Забайкальск,74,2,4,9,4,15,
1904,Чара,74,2,4,12,4,18,
1905,Калга,74,2,4,14,4,20,
1906,Карымское,74,2,4,7,4,13,
1907,Краснокаменск,74,2,4,12,4,18,
1908,Красный Чикой,74,2,4,12,4,18,
1909,Кыра,74,2,4,12,4,18,
1910,Могойтуй,74,2,4,7,4,13,
1911,Могоча,74,2,4,5,4,11,
1912,Нерчинск,74,2,4,6,4,12,
1913,Нерчинский Завод,74,2,4,14,4,20,
1914,Оловянная,74,2,4,7,4,13,
1915,Нижний Цасучей,74,2,4,14,4,20,
1916,Петровск-Забайкальский ,74,2,4,12,4,18,
1917,Приаргунск,74,2,4,12,4,18,
1918,Сретенск,74,2,4,12,4,18,
1919,Тупик,74,2,4,14,4,20,
1920,Верх-Усугли,74,2,4,14,4,20,
1921,Улёты,74,2,4,12,4,18,
1922,Хилок,74,2,4,12,4,18,
1923,Чернышевск,74,2,4,14,4,20,
1924,Чита,74,2,4,5,4,11,
1925,Шелопугино,74,2,4,14,4,20,
1926,Шилка,74,2,4,7,4,13,
1927,Кокуй,74,2,4,14,4,20,
1928,Мангут,74,2,4,7,4,13,
1929,Баргузин,66,2,4,6,4,12,
1930,Багдарин,66,2,4,6,4,12,
1931,Бичура,66,2,4,7,4,13,
1932,Петропавловка,66,2,4,6,4,12,
1933,Сосново-Озерское,66,2,4,6,4,12,
1934,Заиграево,66,2,4,7,4,13,
1935,Закаменск,66,2,4,6,4,12,
1936,Иволгинск,66,2,4,7,4,13,
1937,Кабанск,66,2,4,7,4,13,
1938,Кижинга,66,2,4,7,4,13,
1939,Курумкан,66,2,4,6,4,12,
1940,Кяхта,66,2,4,6,4,12,
1941,Таксимо,66,2,4,12,4,18,
1942,Мухоршибирь,66,2,4,7,4,13,
1943,Орлик,66,2,4,12,4,18,
1944,Турунтаево,66,2,4,6,4,12,
1945,Нижнеангарск,66,2,4,7,4,13,
1946,Гусиноозерск,66,2,4,7,4,13,
1947,Тарбагатай,66,2,4,7,4,13,
1948,Кырен,66,2,4,7,4,13,
1949,Хоринск,66,2,4,6,4,12,
1950,Северобайкальск,66,2,4,8,4,14,
1951,Билибино,2,2,5,21,5,28,
1952,Лаврентия,2,2,5,21,5,28,
1953,Певек,2,2,5,21,5,28,
1954,Провидения,2,2,5,21,5,28,
1955,Угольные Копи,2,2,5,21,5,28,
1956,Эгвекинот,2,2,5,21,5,28,
1957,м. Шмидта,2,2,5,11,5,17,
1958,Беринговский,2,2,5,11,5,17,
1959,Амурзет,7,2,5,8,5,14,
1960,Ленинское,7,2,5,8,5,14,
1961,Облучье,7,2,5,8,5,14,
1962,Смидович,7,2,5,8,5,14,
1963,Теплое озеро,7,2,5,12,5,18,
1964,Архара,8,2,3,11,3,17,
1965,Белогорск,8,2,3,4,3,10,
1966,Благовещенск,8,2,3,4,3,10,
1967,Бурейя,8,2,3,11,3,17,
1968,Завитинск,8,2,3,11,3,17,
1969,Зея,8,2,3,11,3,17,
1970,Ивановка,8,2,3,4,3,10,
1971,Константиновка,8,2,3,11,3,17,
1972,Магдагачи,8,2,3,11,3,17,
1973,Поярково,8,2,3,11,3,17,
1974,Екатеринославка,8,2,3,11,3,17,
1975,Свободный,8,2,3,11,3,17,
1976,Серышево,8,2,3,5,3,11,
1977,Сковородино,8,2,3,7,3,13,
1978,Тамбовка,8,2,3,11,3,17,
1979,Тында,8,2,3,9,3,15,
1980,Шимановск,8,2,3,11,3,17,
1981,Райчихинск,8,2,3,11,3,17,
1982,Новобурейск,8,2,3,11,3,17,
1983,Николаевка,8,2,3,4,3,10,
1984,Широкий,8,2,3,11,3,17,
1985,Покровский рудник,8,2,3,14,3,20,
1986,Березитовый рудник,8,2,3,14,3,20,
1987,Прииск Соловьевский,8,2,3,9,3,15,
1988,Дальнеречинск,11,2,3,7,3,13,
1989,Кавалерово,11,2,3,21,3,28,
1990,Кировский ,11,2,3,11,3,17,
1991,Новопокровка,11,2,3,26,3,23,
1992,Лазо,11,2,3,21,3,28,
1993,Михайловка,11,2,3,16,3,22,
1994,Покровка,11,2,3,26,3,23,
1995,Владимиро-Александровское,11,2,3,21,3,28,
1996,Пограничный ,11,2,3,26,3,23,
1997,Лучегорск,11,2,3,16,3,22,
1998,Спасск Дальний,11,2,3,11,3,17,
1999,Терней,11,2,3,21,3,28,
2000,Камень-Рыболов,11,2,3,11,3,17,
2001,Славянка,11,2,3,8,3,14,
2002,Хороль,11,2,3,11,3,17,
2003,Черниговка,11,2,3,11,3,17,
2004,Чугуевка,11,2,3,11,3,17,
2005,Большой Камень,11,2,3,11,3,17,
2006,Арсеньев,11,2,3,7,3,13,
2007,Дальнегорск,11,2,3,21,3,28,
2008,Находка,11,2,3,6,3,12,
2009,Партизанск,11,2,3,12,3,18,
2010,Сибирцево,11,2,3,7,3,13,
2011,Уссурийск,11,2,3,7,3,13,
2012,Лесозаводск,11,2,3,7,3,13,
2013,Фокино,11,2,3,7,3,13,
2014,Артем,11,2,3,7,3,13,
2015,Ола,35,2,2,12,2,18,
2016,Омсукчан,35,2,2,22,2,29,
2017,Сеймчан,35,2,2,12,2,18,
2018,Сусуман,35,2,2,12,2,18,
2019,Усть-Омчуг,35,2,2,12,2,18,
2020,Палатка,35,2,2,12,2,18,
2021,Ягодное,35,2,2,12,2,18,
2022,Елизово,49,2,3,4,3,10,
2023,Оссора,49,2,3,7,3,13,
2024,Тиличики,49,2,3,7,3,13,
2025,Соболево,49,2,3,7,3,13,
2026,Тигиль,49,2,3,7,3,13,
2027,Усть-Большерецк,49,2,3,11,3,17,
2028,Усть-Камчатск,49,2,3,14,3,20,
2029,Палана,49,2,3,6,3,12,
2030,Северо-Курильск,49,2,3,14,3,20,
2031,Амурск,69,2,3,11,3,17,
2032,Бикин,69,2,3,7,3,13,
2033,Ванино,69,2,3,11,3,17,
2034,Чекдомын,69,2,3,11,3,17,
2035,Вяземский ,69,2,3,7,3,13,
2036,Комсомольск на Амуре,69,2,3,7,3,13,
2037,Троицкое,69,2,3,21,3,28,
2038,Николаевск на Амуре,69,2,3,11,3,17,
2039,Охотск,69,2,3,11,3,17,
2040,Район имени Лазо,69,2,3,7,3,13,
2041,Село имени Полины Осипенко,69,2,3,21,3,28,
2042,Советская Гавань,69,2,3,7,3,13,
2043,Солнечный ,69,2,3,11,3,17,
2044,Богородское,69,2,3,21,3,28,
2045,Хабаровск,69,2,3,4,3,10,
2046,Переяславка,69,2,3,9,3,15,
2047,Александровск-Сахалинский ,76,2,3,12,3,18,
2048,Анива,76,2,3,7,3,13,
2049,Долинск,76,2,3,7,3,13,
2050,Корсаков,76,2,3,7,3,13,
2051,Курильск,76,2,3,20,3,27,
2052,Макаров,76,2,3,11,3,17,
2053,Невельск,76,2,3,7,3,13,
2054,Ноглики,76,2,3,12,3,18,
2055,Оха ,76,2,3,7,3,13,
2056,Поронайск,76,2,3,11,3,17,
2057,Северо-Курильск,76,2,3,20,3,27,
2058,Смирных,76,2,3,11,3,17,
2059,Томари,76,2,3,7,3,13,
2060,Тымовское,76,2,3,12,3,18,
2061,Холмск,76,2,3,7,3,13,
2062,Южно-Курильск,76,2,3,20,3,27,
2063,Углегорск,76,2,3,7,3,13,
2064,Алдан,77,2,3,7,3,13,
2065,Тикси,77,2,3,7,3,13,
2066,Батагай,77,2,3,21,3,28,
2067,Ленск,77,2,3,21,3,28,
2068,Мирный,77,2,3,7,3,13,
2069,Намцы,77,2,3,21,3,28,
2070,Нерюнгри,77,2,3,7,3,13,
2071,Черский,77,2,3,7,3,13,
2072,Хандыга,77,2,3,7,3,13,
2073,Депутатский,77,2,3,7,3,13,
2074,Покровск,77,2,3,7,3,13,
2075,Усть-Нера,77,2,3,14,3,20,
2076,Айхал,77,2,3,21,3,28,
2077,Удачный,77,2,3,21,3,28,
2078,Волоколамск,38,2,2,5,2,11,
2079,Воскресенск,38,2,1,1,1,1,
2080,Дмитров,38,2,2,3,2,9,
2081,Егорьевск,38,2,2,3,2,9,
2082,Зарайск,38,2,2,3,2,9,
2083,Истра,38,2,2,3,2,9,
2084,Кашира,38,2,2,3,2,9,
2085,Клин,38,2,2,3,2,9,
2086,Коломна,38,2,1,1,1,1,
2087,Красногорск,38,2,2,3,2,9,
2088,Видное,38,2,2,3,2,9,
2089,Лотошино,38,2,2,5,2,11,
2090,Луховицы,38,2,2,3,2,9,
2091,Люберцы,38,2,1,1,1,1,
2092,Можайск,38,2,2,3,2,9,
2093,Мытищи,38,2,1,1,1,1,
2094,Наро-Фоминск,38,2,2,3,2,9,
2095,Ногинск,38,2,2,3,2,9,
2096,Одинцово,38,2,2,3,2,9,
2097,Озеры,38,2,2,3,2,9,
2098,Орехово-Зуево,38,2,2,3,2,9,
2099,Павловский Посад,38,2,2,3,2,9,
2100,Подольск,38,2,1,1,1,1,
2101,Пушкино,38,2,2,3,2,9,
2102,Раменское,38,2,1,1,1,1,
2103,Руза,38,2,2,5,2,11,
2104,Серебряные Пруды,38,2,2,3,2,9,
2105,Сергиев-Посад,38,2,1,1,1,1,
2106,Серпухов,38,2,1,1,1,1,
2107,Солнечногорск,38,2,2,3,2,9,
2108,Ступино,38,2,2,3,2,9,
2109,Талдом,38,2,2,3,2,9,
2110,Чехов,38,2,2,3,2,9,
2111,Шатура,38,2,2,3,2,9,
2112,Шаховское,38,2,2,5,2,11,
2113,Щелково,38,2,2,3,2,9,
2114,Балашиха,38,2,2,3,2,9,
2115,Бронницы,38,2,2,3,2,9,
2116,Ватутинки,38,2,2,3,2,9,
2117,Дедовск,38,2,2,3,2,9,
2118,Дзержинск,38,2,2,3,2,9,
2119,Долгопрудный,38,2,2,3,2,9,
2120,Домодедово,38,2,2,3,2,9,
2121,Дубна,38,2,2,5,2,11,
2122,Жуковский,38,2,2,3,2,9,
2123,Звездный Городок,38,2,2,3,2,9,
2124,Звенигород,38,2,2,3,2,9,
2125,Ивантеевка,38,2,2,3,2,9,
2126,Климовск,38,2,2,3,2,9,
2127,Королев,38,2,2,3,2,9,
2128,Котельники,38,2,2,3,2,9,
2129,Красноармейск,38,2,2,3,2,9,
2130,Краснознаменск,38,2,2,5,2,11,
2131,Лобня,38,2,2,3,2,9,
2132,Лыткарино,38,2,2,3,2,9,
2133,Нахабино,38,2,2,3,2,9,
2134,Некрасовка,38,2,2,5,2,11,
2135,Протвино,38,2,2,3,2,9,
2136,Пущино,38,2,2,3,2,9,
2137,Рошаль,38,2,2,3,2,9,
2138,Томилино,38,2,2,3,2,9,
2139,Троицк,38,2,2,3,2,9,
2140,Фрязино,38,2,2,3,2,9,
2141,Химки,38,2,2,3,2,9,
2142,Щербинка,38,2,2,3,2,9,
2143,Электросталь,38,2,2,3,2,9,
2144,Юбилейный,38,2,2,3,2,9,
